Root,Transliteration,Meaning,Voice,Class
अभ्र्,abhr,"to go, \nto wander about",P,1
अच्,ach,"to distinguish, \nto particularise\nto go\nto request\nto speak indistinctly\nto go\nto request\nto bend\nto worship\nto honour or \nto revere",P,1
आछ्,achh,"to lengthen, \nto stretch, \nto make straight",P,1
अड्,ad,to exert\nto try,P,2
अद्,ad,to eat,P,2
अड्ड्,add,"to join\nto attack\nto explain the sense of\nto sue, \nto exert",P,1
अग्,ag,"to wind, \nto go",P,1
अघ्,agh,to sin,U,10
अह्,ah,to pervade,P,1
अज्,aj,"to go\nto drive\nto throw\nto make clear, \nto anoint, \nto be beautiful, \nto go\nto speak",P,1
अक्,ak,to move \ntortuously,P,1
अक्ष्,aksh,to pervade\nto reach\nto accumulate,P,1
अल्,al,to adorn\nto be competent or able,U,1
अम्,am,"to be ill, \nto afflict with sickness\nto go\nto sound, \nto wait upon",P,1
अम्ब्,amb,to sound,P,1
अम्बर्,ambar,to bring \ntogether,P,1
अण्,an,"to breathe\nto utter a voice, \nto sound",P,1
अन्,an,to breath\nto breathe,P,1
अन्ध्,andh,"to become blind, \nto shut eyes",P,1
आन्द्Oल्,andol,to swing,P,1
अङ्ग्,ang,"to go\nto go, \nto mark",P,1
अङ्घ्,angh,to go\nto hasten\nto begin\nto blame\nto gamble,P,1
अंह्,anh,to go\nto shine,P,1
अङ्क्,ank,"to go, \nto mark\nto mark",P,1
अंस्,ans,to distribute\nto speak,P,1
अंश्,ansh,to distribute,P,1
अन्त्,ant,to bind,P,1
अण्ठ्,anth,to go,P,1
अण्ट्ट,antta,to despise,P,1
आप्,ap,"to obtain\nto pervade, \nto obtain, \nto occupy, \nto reach",P,1
अर्ब्,arb,"to go, \nto injure, \nto kill",P,1
अर्च्,arch,to worship\nto worship\nto honour\nto shine\nto praise,P,1
अर्द्,ard,"to go\nto beg or request\nto kill, \nto hurt",P,1
अर्द्,ard,"to go\nto beg or request\nto kill, \nto hurt",U,10
अर्घ्,argh,to be worth\nto be worth\nto cost,P,1
अर्ह्,arh,to worship,U,10
अर्ह्,arh,to worship,P,1
अर्ज्,arj,to procure\nto procure\nto earn,P,1
अर्ज्,arj,to procure\nto procure\nto earn,U,10
अर्क्,ark,"to praise, \nto heat",P,1
अर्थ्,arth,"to request, \nto beg",P,1
अर्व्,arv,to kill,P,1
अस्,as,to be\nto throw,P,4
अस्,as,to be\nto throw,P,2
आस्,as,"to sit, \nto be",P,4
आस्,as,"to sit, \nto be",P,2
अश्,ash,"to eat,\nto pervade, \nto heap, \nto obtain, \nto go \nto",P,1
अष्,ash,"to go, \nto shine, \nto receive",P,1
अट्,at,to wander,P,1
अत्,at,to go constantly\nto obtain,P,1
अठ्,ath,to go,P,1
अट्ट्,att,to transgress\nto kill,P,1
अव्,av,"to protect, \nto move, \nto be lovely, \nto please, \nto satisfy, \nto know, \nto enter, \nto hear, \nto own, \nto beg, \nto act, \nto desire, \nto shine, \nto obtain, \nto embrace, \nto kill, \nto take, \nto be, \nto grow",P,1
अवधीर्,avadhir,"avādhīr to despise, \nto disregard",P,1
अय्,ay,to go,A,1
बद्,bad,to be steady or firm,P,1
बाड्,bad,to bathe\nto dive,P,1
बध्,badh,"to bind, \nto restrain\nto loathe\nto be disgusted with, \nto shrink from",P,1
बाध्,badh,"to oppress, \nto \ntorment",P,1
बाह्,bah,to endeavour,P,1
बल्,bal,to breath\nto hoard grain\nto breathe,P,1
बल्ह्,balh,"to be pre-eminent\nto speak, \nto shine",P,1
बण्,ban,to sound,P,1
बन्ध्,bandh,"to bind, \nto attract, \nto catch, \nto imprison, \nto wear, \nto form, \nto compose, \nto fix on, \nto bear fruit",P,1
बंह्,banh,"to grow, \nto increase",P,1
बर्ह्,barh,"to be pre-eminent\nto speak: \nto kill\nto give\nto kill, \nto speak, \nto shine",P,1
बर्व्,barv,to go,P,1
बस्,bas,to s\ntop,P,1
बस्त्,bast,"to injure, \nto ask, \nto go",P,1
बेह्,beh,to endeavour,P,1
भज्,bhaj,"to break, \nto split, \nto interrupt, \nto frustrate, \nto disappoint\nto give, \nto cook\nto speak, \nto shine\nto worship\nto honour, \nto divide\nto be attached \nto, \nto serve",P,1
भाज्,bhaj,"to divide, \nto distribute",P,1
भक्ष्,bhaksh,"to eat\nto eat, \nto devour",P,1
भल्,bhal,"to speak, \nto kill, \nto give\nto see, \nto behold",P,1
भाम्,bham,to be angry\nto be angry,P,1
भण्,bhan,"to speak, \nto call",P,1
भण्ड्,bhand,"to be fortunate, \nto be happy, \nto cheat\nto speak, \nto jest, \nto chide",P,1
भन्द्,bhand,to be prosperous or glad,P,1
भर्त्स्,bharts,"to menace, \nto reprove, \nto beride",P,1
भर्व्,bharv,to kill,P,1
भस्,bhas,"to censure, \nto blame, o shine",P,1
भास्,bhas,"to shine, \nto appear, \nto become evident",P,1
भष्,bhash,"to bark, \nto revile",P,1
भाष्,bhash,"to speak, \nto say\nto call, \nto describe",P,1
भट्,bhat,"to hire, \nto nourish\nto speak, \nto call",P,1
भेष्,bhesh,"to fear, \nto go",P,1
भी,bhi,"to fear, \nto be afraid of, \nto be anxious about",P,1
भिद्,bhid,"to break, \nto cut asunder, \nto transgress, \nto divide, \nto open, \nto cause \nto expand, \nto change, \nto perplex, \nto distinguish, \nto disturb, \nto betray, \nto set at variance",P,1
भिक्ष्,bhiksh,"to ask\nto beg for without obtaining, \nto be weary or distressed, \nto obtain",P,1
भिन्द्,bhind,"to split, \nto divide",P,1
भ्लक्ष्,bhlaksh,to eat,P,1
भ्लाश्,bhlash,"to shine, \nto glitter",P,1
भ्लेष्,bhlesh,"to shine, \nto glitter",P,1
भ्रक्ष्,bhraksh,to eat,P,1
भ्रम्,bhram,"to be unsteady, \nto wander, \nto \ntotter\nto roam about",P,1
भ्रण्,bhran,to speak,P,1
भ्रंश्,bhransh,"to fall, \nto drop down\nto fall down, \nto decrease, \nto escape",P,1
भ्रश्,bhrash,"to fall, \nto drop down",P,1
भ्राश्,bhrash,"to shine, \nto glitter",P,1
भ्रस्ज्,bhrasj,"to fry, \nto roast, \nto parch",P,1
भ्रेज्,bhrej,"to shine, \nto glitter",P,1
भ्रेष्,bhresh,"to fear, \nto go",P,1
भृ,bhri,"to bear, \nto support, \nto nourish, \nto protect, \nto produce, \nto bes\ntow, \nto hire\nto blame, \nto censure, \nto nourish, \nto maintain\nto support, \nto bear, \nto have, \nto fill",P,1
भ्री,bhri,"to fear, \nto support",P,1
भृज्,bhrij,"to parch, \nto fry",P,1
भृंश्,bhrinsh,"to speak, \nto shine",P,1
भृश्,bhrish,to fall down,P,1
भ्रुड्,bhrud,"to cover, \nto collect, \nto plunge",P,1
भ्रूण्,bhrun,"to hope, \nto fear",P,1
भू,bhu,"to be purified, \nto consider, \nto mix\nto be\nto obtain, \nto attend",P,1
भुज्,bhuj,"to bend, \nto curve, \nto be crooked\nto protect, \nto govern, \nto rule",P,1
भूंष्,bhunsh,to adorn,P,1
भूष्,bhush,"to adorn, \nto decorate",P,1
भ्यस्,bhyas,to fear,P,1
बिल्,bil,"to break\nto break, \nto split, \nto divide",,
बिन्द्,bind,"to split, \nto cleave, \nto divide",,
बिस्,bis,"to throw, \nto instigate, \nto go, \nto split, \nto grow",,
बिट्,bit,"to swear, \nto curse, \nto shout",,
बृह्,brih,"to work, \nto labour",,
बृंह्,brinh,"to increase, \nto sound",,
बृन्न्,brinn,"to grow, \nto increase",,
ब्रू,bru,to speak\nto say\nto tell,,
ब्रूस्,brus,"to kill, \nto hurt",,
बुड्,bud,"to discharge, \nto cover",,
बुध्,budh,"to know, \nto understand, \nto awake, \nto be res\ntored \nto one’s senses\nto know\nto understand\nto think\nto make known\nto inform\nto teach",,
बुक्क्,bukk,"to bark, \nto speak\nto bark\nto sound\nto yelp\nto speak",,
बुन्द्,bund,to perceive\nto apprehend,,
बुस्,bus,"to discharge, \nto emit",,
बुस्त्,bust,"to respect, \nto disrespect",,
ब्युस्,byus,to divide,,
चच्,chach,to go\nto shake\nto leap,,
चह्,chah,"to be wicked, \nto be proud, \nto cheat\nto be wicked\nto be proud\nto cheat",,
चक्,chak,"to be satisfied\nto be satisfied, \nto repel\nto resist, \nto shine",,
चकास्,chakas,"to shine, \nto be bright or prosperous",,
चक्क्,chakk,"to suffer, \nto give pain",,
चक्ष्,chaksh,"to speak, \nto tell, \nto see",,
चल्,chal,"to foster, \nto cherish\nto play\nto amuse oneself",,
चम्,cham,to eat\nto eat\nto drink,,
चम्ब्,chamb,to go,,
चम्प्,champ,to go\nto go,,
चण्,chan,"to go, \nto sound",,
चन्,chan,"to believe, \nto kill\nto kill",,
चण्ड्,chand,to be angry\nto be angry,,
चन्द्,chand,to be glad\nto shine,,
चङ्क्,chank,to reel\nto roll,,
चप्,chap,to console\nto sooth\nto grind,,
चर्,char,"to doubt\nto go\nto walk, \nto graze\nto eat",,
चर्ब्,charb,to go,,
चर्च्,charch,"to discuss, \nto condemn\nto censure\nto peruse, \nto study",,
चर्व्,charv,"to chew, \nto eat\nto browse\nto chop\nto bite\nto eat, \nto chew",,
चष्,chash,to eat,,
चट्,chat,"to break, \nto rain, \nto cover\nto kill, \nto injure\nto break",,
चत्,chat,"to beg, \nto request",,
चय्,chay,to go,,
चाय्,chay,"to worship, \nto discern",,
चेल्,chel,to shake\nto go,,
चेष्ट्,chesht,to act,,
छद्,chhad,"to close, \nto conceal, \nto cover\nto conceal, \nto cover",,
छम्,chham,"to eat, \nto consume",,
छन्द्,chhand,"to cover\nto cover, \nto please, \nto persuade",,
छर्द्,chhard,to vomit,,
छष्,chhash,"to hurt\nto injure, \nto kill",,
छट्,chhat,to cover\nto veil\nto hide,,
छेद्,chhed,"to divide, \nto cut",,
छिद्,chhid,"to cut, \nto interrupt, \nto destroy",,
छिद्र्,chhidr,"to perforate, \nto bore",,
छीक्,chhik,to endure,,
छिल्ल्,chhill,to become loose\nto act wan\ntonly\nto sport,,
छिन्ह्,chhinh,to mark,,
छ्O,chho,"to cut, \nto mow",,
छृद्,chhrid,"to kindle\nto kindle\nto shine, \nto play",,
छृप्,chhrip,"to kindle, \nto beg",,
छृष्,chhrish,to beg or request,,
छुड्,chhud,to cover,,
छुप्,chhup,to \ntouch,,
छुर्,chhur,to cut\nto engrave\nto envelop,,
छुट्,chhut,to cut,,
चि,chi,"to collect\nto collect, \nto cover",,
चीब्,chib,"to take, \nto wear, \nto cover",,
चीभ्,chibh,"to coax, \nto boast",,
चीक्,chik,to suffer,,
चिक्क्,chikk,to give pain,,
चिल्,chil,to dress,,
चिन्त्,chint,"to contemplate, \nto think, \nto discuss\nto remember",,
चिरि,chiri,to kill,,
चिट्,chit,to send out\nto send out,,
चित्,chit,"to perceive\nto think\nto recover consciousness\nto think, \nto perceive, \nto see, \nto regain consciousness",,
चित्र्,chitr,"to paint, \nto make variegated, \nto see or regard anything as wonderful",,
चीव्,chiv,"to speak, \nto shine",,
चृप्,chrip,"to excite, \nto light\nto excite\nto light",,
चृत्,chrit,to kill\nto hurt\nto connect \ntogether,,
चुच्य,chuchya,"to bathe, \nto churn, \nto press",,
चुड्,chud,to conceal,,
चुद्,chud,"to become small\nto drive, \nto put forward, \nto press, \nto push on",,
चुड्ड्,chudd,"to sport, \nto hint one’s meaning",,
चुक्क्,chukk,to suffer pain,,
चुल्,chul,"to raise, \nto elevate",,
चुल्ल्,chull,"to sport, \nto make amorous gestures",,
चुलुम्प्,chulump,"to swing, \nto rock\nto agitate",,
चुम्ब्,chumb,to kill\nto kiss,,
चुण्ड्,chund,"to become small, \nto cut off",,
चुण्ट्,chunt,to cut off,,
चुप्,chup,to move slowly,,
चुर्,chur,"to steal, \nto assume",P,6
चूर्,chur,to burn,P,6
चूर्ण्,churn,"to pulverize, \nto crush, \nto drive, \nto contract",,
चूष्,chush,to drink,,
चुट्,chut,cuṅḍ to cut\nto cut,,
च्यु,chyu,"to endure, \nto laugh\nto go\nto drop down\nto fall, \nto swerve",,
च्युस्,chyus,"to endure, \nto laugh",,
च्युत्,chyut,to flow\nto trickle,,
दा,da,to cut\nto give\nto give,,
डब्,dab,"to throw, \nto send",,
दद्,dad,to give\nto offer\nto present,,
दध्,dadh,to hold: \nto possess,,
दघ्,dagh,"to destroy, \nto protect",,
दह्,dah,to reduce \nto ashed\nto burn\nto scorch\nto \ntorment,,
दै,dai,"to purify\nto cleanse, \nto be purified",,
दक्ष्,daksh,"to go\nto kill\nto increase, \nto do or act quickly",,
दल्,dal,"to break\nto split\nto expand, \nto open\nto cut, \nto tear",,
दम्,dam,"to be quiet, \nto restrain, \nto tame, \nto subdue",,
दम्भ्,dambh,"to deceive, \nto injure\nto send, \nto propel",,
दान्,dan,"to cut off, \nto straighten",,
दण्ड्,dand,"to punish, \nto fine, \nto be subdued",,
दंस्,dans,to speak,,
दंश्,dansh,"to bite, \nto sting\nto bite\nto sting\nto see, \nto bite\nto speak",,
डप्,dap,to collect,,
दरिद्रा,daridra,to be poor\nto be distressed,,
दस्,das,"to perish\nto see, \nto bite",,
दास्,das,to give,,
दाश्,dash,to kill\nto give\nto offer an oblation,,
दात्,dat,"to cut, \nto divide",,
दय्,day,"to pity, \nto give\nto go\nto protect\nto kill\nto take",,
दाय्,day,to give,,
दे,de,to protect,,
देव्,dev,"to play, \nto sport\nto lament",,
धा,dha,"to hold, \nto put, \nto maintain, \nto give, \nto grant, \nto bear, \nto assume, \nto have",,
धाख्,dhakh,"to be dry, \nto be able",,
धक्क्,dhakk,"to kill, \nto destroy",,
धण्,dhan,to sound,,
धन्,dhan,"to bear fruit, \nto produce crops of grain",,
धंस्,dhans,to fall down\nto perish\nto go,,
धन्व्,dhanv,to go,,
ढौक्,dhauk,"to go, \nto approach",,
धाव्,dhav,"to run\nto flow, \nto cleanse, \nto wash",,
धे,dhe,"to suck, \nto drink, \nto draw",,
धेक्,dhek,to see,,
धि,dhi,to hold\nto possess,,
धी,dhi,"to support, \nto hold, \nto despise",,
धिक्ष्,dhiksh,"to kindle, \nto be harassed or weary, \nto live",,
धिन्व्,dhinv,"to please, \nto delight",,
धिष्,dhish,to sound,,
ध्मा,dhma,"to blow\nto breathe out, \nto produce sound by blowing, \nto blow a fire, \nto manufacture by blowing",,
ध्Oर्,dhor,"to go quickly, \nto run, \nto trot\nto be skilful",,
ध्राड्,dhrad,to divide\nto split,,
ध्राध्,dhradh,to be able or competent,,
ध्रै,dhrai,to be pleased,,
ध्रज्,dhraj,to go,,
ध्रण्,dhran,to sound as a drum or other instrument,,
ध्रण्ज्,dhranj,to go,,
ध्रांक्ष्,dhranksh,to desire\nto caw\nto crow,,
ध्रस्,dhras,to glean\nto glean\nto glean,,
ध्रेक्,dhrek,to sound\nto be filled with joy,,
धृ,dhri,"to be\nto exist\nto grow old\nto hold, \nto owe\nto hold, \nto support, \nto possess, \nto keep, \nto seize, \nto place",,
ध्रिज्,dhrij,to go,,
धृज्,dhrij,to go,,
धृष्,dhrish,"to be bold, confident, impudent or impatient\nto challenge\nto come \ntogether, \nto hurt or injure, \nto offend\nto offend, \nto overcome",,
ध्रु,dhru,to be firm\nto go\nto be fixed,,
ध्रुव्,dhruv,to go\nto stand firm,,
धु,dhu,to shake\nto tremble,,
धू,dhu,"to shake, \nto agitate\nto shake, \nto excite\nto shake, \nto excite\nto shake\nto cause \nto tremble\nto shake\nto tremble",,
धुक्ष्,dhuksh,"to kindle\nto be harassed or weary, \nto live",,
धूप्,dhup,"to heat, \nto fumigate, \nto perfume, \nto be heated\nto speak, \nto shine",,
धूर्,dhur,"to kill, \nto go",,
धुर्व्,dhurv,"to injure, hurt or kill",,
धूश्,dhush,dhūs to make splendid,,
ध्वज्,dhvaj,to go\nto go,,
ध्वण्,dhvan,to sound,,
ध्वन्,dhvan,to sound\nto sound,,
ध्वांक्ष्,dhvanksh,to desire\nto caw\nto crow,,
ध्वृ,dhvri,to bend\nto kill,,
ध्यै,dhyai,"to think of, \nto meditate, \nto recollect",,
डी,di,to fly\nto fly\nto pass through the air,,
दी,di,"to perish, \nto decay",,
दिधी,didhi,to shine\nto appear,,
दिक्ष्,diksh,to increase\nto anoint\nto soil,,
दीक्ष्,diksh,"to be shaved\nto perform a sacrifice, \nto invest with a sacred thread\nto practise self-restraint\nto teach religious observances\nto prepare oneself for the performance of a sacred rite\nto dedicate oneself \nto",,
दिन्व्,dinv,"to be glad or pleased, \nto gladden, \nto please",,
डिप्,dip,"to collect, \nto heap \ntogether\nto throw\nto throw, \nto send",,
दीप्,dip,"to shine, \nto burn, \nto be illustrious",,
दिश्,dish,to give\nto order\nto tell\nto show\nto grant,,
दिव्,div,"to cause \nto lament\nto lament\nto play with dice or gamble, \nto desire\nto overcome, \nto traffic, \nto shine, \nto praise, \nto be glad, \nto be mad or drunk, \nto be sleepy, \nto wish for, \nto go\nto rub",,
द्O,do,"to cut, \nto mow",,
द्रा,dra,"to run, \nto fly, \nto be spoiled, \nto sleep",,
द्राड्,drad,"to cut, \nto split",,
द्राघ्,dragh,to be able\nto stretch\nto exert oneself\nto be weary\nto vex\nto wander about,,
द्राह्,drah,to wake,,
द्रै,drai,to sleep,,
द्राख्,drakh,to become dry\nto be able\nto prevent\nto adorn,,
द्रम्,dram,to go\nto run,,
द्रांक्ष्,dranksh,"to desire, \nto utter a discordant sound",,
द्रेक्,drek,to sound\nto show joy\nto be exhilarated,,
दृ,dri,"to kill\nto fear\nto honour\nto care for\nto tear, \nto split open\nto fear",,
दृभ्,dribh,"to fear\nto string, \nto connect\nto string\nto connect\nto tie\nto string",,
दृह्,drih,to increase\nto prosper\nto fasten\nto be firm,,
दृंफ्,drinph,to give pain,,
दृप्,drip,"to be glad\nto be proud\nto give pain\nto light, \nto kindle\nto light\nto kindle\nto inflame",,
दृफ्,driph,to give pain,,
दृश्,drish,to see\nto behold\nto visit\nto learn\nto investigate,,
द्र्Oढव्य,drodhavya,"drohitavya, drogdhum or droḍhum or drohitum",,
द्रु,dru,"to go, \nto flow, \nto run\nto retreat, \nto melt\nto attack, \nto rush\nto kill",,
द्रुह्,druh,"to bear hatred, \nto seek \nto hurt",,
द्रुण्,drun,to go\nto kill\nto make crooked,,
दु,du,"to give pain, \nto burn, \nto be distressed\nto go",,
दुह्,duh,"to injure, hurt or kill\nto milk\nto extract\nto yield",,
दुह्ख्,duhkh,to give pain,,
दुल्,dul,to shake \nto and fro,,
दुर्व्,durv,to kill,,
दुष्,dush,"to be soiled, \nto be impure, \nto sin",,
द्विष्,dvish,to hate\nto dislike,,
द्वृ,dvri,"to cover, \nto appropriate",,
द्यै,dyai,to despise\nto disfigure,,
द्यु,dyu,"to assail, \nto advance \ntowards",,
द्युत्,dyut,to shine\nto be bright,,
एध्,edh,"to grow: \nto increase, \nto prosper, \nto extend, \nto swell, \nto rise",,
एज्,ej,to shine\nto tremble or shake,U,1
एष्,esh,to go,,
एट्,et,to annoy\nto oppose,,
ग,ga,"to sing, \nto relate",,
गा,ga,"to praise, \nto be born\nto go",,
गड्,gad,to distil,P,1
गद्,gad,"to speak, \nto say\nto thunder",P,1
गाध्,gadh,"to set out for, \nto dive, \nto seek, \nto compile, \nto string \ntogether, \nto stay",,
गह्,gah,"to be thick, \nto enter deeply in\nto",,
गाह्,gah,"to dive, \nto bathe\nto penetrate, \nto agitate or churn, \nto be absorbed in\nto hide onself in\nto destroy",,
गज्,gaj,to sound\nto sound\nto sound or roar\nto be drunk or confused,,
गल्,gal,"to eat\nto drip\nto flow, \nto dissolve",,
गल्भ्,galbh,to be bold or confident,,
गल्ह्,galh,"to blame, \nto censure",,
गम्,gam,to go,P,1
गण्,gan,to count,,
गण्ड्,gand,to affect the cheek,,
गन्द्,gand,to affect the cheek,,
गन्ध्र्,gandhr,"to injure, \nto ask",,
गर्ब्,garb,to go,,
गर्द्,gard,to sound,,
गर्द्ग्र्द्,gardgrd,to play,,
गर्ध्,gardh,to desire,,
गर्ह्,garh,"to blame\nto censure\nto censure, \nto blame",,
गर्ज्,garj,to roar\nto growl\nto thunder\nto roar,,
गर्व्,garv,to be proud\nto be proud,,
गवेष्,gavesh,"to seek, \nto hunt after",,
गेप्,gep,to shake,,
गेष्,gesh,to search\nto investigate,,
गेव्,gev,to seve,,
घघ्,ghagh,to laugh,,
घण्ट्,ghant,"to speak, \nto shine\nto speak\nto shine",,
घर्ब्,gharb,to go,,
घस्,ghas,to eat\nto devour,,
घट्,ghat,"to act\nto be intently occupied with\nto happen\nto be united with\nto come \nto, \nto reach\nto move,t o collect, \nto speak",,
घट्ट्,ghatt,"to shake\nto shake, \nto stir",,
घिण्ण्,ghinn,to take,,
घ्रा,ghra,to smell,,
घृ,ghri,"to sprinkle, \nto shine\nto sprinkle, \nto cover",,
घृण्,ghrin,"to shine, \nto burn",,
घृण्ण्,ghrinn,to take,,
घृष्,ghrish,"to grind, \nto pound, \nto strike, \nto rub, \nto brush, \nto polish",,
घु,ghu,to sound,,
घुण्,ghun,to roll\nto stagger\nto reel,,
घुण्ण्,ghunn,to take,,
घुंष्,ghunsh,to diffuse lustre,,
घुर्,ghur,to frighten\nto sound,,
घूर्,ghur,"to kill, \nto become old",,
घूर्ण्,ghurn,to roll\nto whirl\nto whirl\nto roll\nto reel,,
घुष्,ghush,"to be beautiful or brilliant\nto proclaim, \nto announce\nto sound, \nto proclaim",,
घुट्,ghut,to strike against\nto return\nto exchange,,
ग्लै,glai,"to despond, \nto wane\nto be fatigued",P,1
ग्लेप्,glep,to be poor or miserable\nto shake,,
ग्लेष्,glesh,to seek,,
ग्लेव्,glev,to serve or worship,,
ग्लुच्,gluch,to go,,
ग्लुह्,gluh,to take,,
ग्Oम्,gom,"to smear, \nto anoint",,
ग्Oष्ट्,gosht,to assemble\nto collect\nto heap \ntogether,,
ग्रह्,grah,to take\nto captivate\nto buy\nto understand,,
ग्राम्,gram,"to invite, \nto conceal",,
ग्रन्थ्,granth,"to be crooked or wicked, \nto bend\nto bind, \nto arrange\nto bind, \nto arrange in a regular order\nto put \ntogether\nto compose\nto arrange, \nto fasten",,
ग्रस्,gras,"to eat\nto devour, \nto swallow\nto consume\nto seize\nto eclipse\nto destroy\nto take, \nto devour",A,1
गृ,gri,"to know\nto sound\nto speak\nto praise\nto sprinkle, \nto wet\nto swallow",,
गृध्,gridh,"to covet, \nto long for",,
गृह्,grih,"to take, \nto seize\nto take\nto seize",,
गृज्,grij,"to sound, \nto roar, \nto grumble",,
ग्रुच्,gruch,to steal,,
गु,gu,to speak inarticulately\nto void or discharge excrement,,
गुड्,gud,to protect,,
गुद्,gud,to play,,
गुध्,gudh,to be angry\nto cover\nto play,,
गुह्,guh,to cover\nto hide,U,1
गुज्,guj,"to hum or buzz\nto hum or buzz, \nto sound inarticulately\nto sound",P,1
गुण्,gun,"to invite, \nto advise, \nto multiply",,
गुण्ड्,gund,"to enclose, \nto protect, \nto pound\nto envelope, \nto protect, \nto pound",,
गुन्द्,gund,to tell a lie,,
गुण्ठ्,gunth,"to enclose, \nto envelop\nto enclose\nto envelope",,
गुप्,gup,"to be confused or disturbed\nto censure\nto despise, \nto hide\nto protect, \nto conceal\nto speak, \nto conceal, \nto shine",P,1
गुफ्,guph,to string \ntogether,,
गुर्,gur,"to kill, \nto go\nto make an effort",,
गूर्,gur,to make an effort,,
गुर्द्,gurd,to dwell,,
गूर्द्,gurd,to praise,,
गुर्व्,gurv,"to endeavour, \nto elevate",,
हा,ha,"to abandon, \nto leave, \nto desert, \nto omit, \nto neglect\nto go, \nto aggain\nto go, \nto attain",,
हद्,had,to void or discharge excrement,,
हाद्,had,"to sound, \nto row",,
हग्,hag,"to cover, \nto conceal",,
हल्,hal,"to express amorous inclinations\nto plough, \nto make furrows, \nto go\nto shake, \nto go",,
हम्म्,hamm,"to go, \nto move",,
हन्,han,"to kill, \nto go",P,2
हर्य्,hary,"to go, \nto shine",,
हस्,has,"to laugh, \nto smile, \nto joke, \nto open, \nto resemble, \nto ridicule\nto sound, \nto become small",,
हट्,hat,to shine,,
हठ्,hath,"to leap, \nto be wicked, \nto treat with violence",,
हेड्,hed,"to disrgard\nto surround, \nto clothe",,
हेष्,hesh,"to bray\nto roar,  \nto neigh",,
हेट्,het,"to be wicked, \nto vex",,
हेठ्,heth,"to be wicked, \nto vex, \nto hinder",,
हि,hi,to go\nto grow,,
हीछ्,hichh,"to be ashamed or modest, \nto blush",,
हिड्,hid,"to go, \nto wander, \nto disregard",,
हिक्क्,hikk,"to injure, \nto kill\nto make any indistinct sound",,
हिंस्,hins,to kill\nto kill,,
हिन्व्,hinv,"to please, \nto satisfy",,
हिष्क्,hishk,"to injure, \nto kill",,
हिट्,hit,"to curse, \nto swear, \nto shout",,
हिठ,hitha,"to be born again, \nto come forth",,
ह्लाद्,hlad,"to sound, \nto be glad",,
ह्लग्,hlag,"to cover, \nto conceal",,
ह्लस्,hlas,to sound,,
ह्नु,hnu,"to conceal, \nto take away, \nto deny",,
ह्Oड्,hod,"to disregard\nto go, \nto move",,
ह्रेष्,hresh,"to neigh , \nto go, \nto creep",,
हृ,hri,"to take forcibly\nto carry, \nto bring, \nto take, \nto steal, \nto acquire, \nto captivate, \nto charm",,
हृष्,hrish,"to rejoice, \nto exult, \nto stand erect as hair\nto tell a lie",,
हु,hu,"to sacrifice, \nto eat, \nto please",P,3
हुड्,hud,to collect\nto go,,
हूड्,hud,to go,,
हुल्,hul,to go,,
हुण्ड्,hund,"to collect, \nto select, \nto take away",,
हुर्छ्,hurchh,"to be crooked, \nto deceive",,
ह्वल्,hval,"to move, \nto shake, \nto be confused, \nto be afflicted",,
ह्वे,hve,"to vie with, \nto challenge, \nto call, \nto ask, \nto invoke",,
ह्वृ,hvri,"to be crooked, \nto deceive",,
इ,i,"to go\nto go\nto study\nto think of, \nto remember",,
ई,i,"to go, \nto pervade, \nto conceive, \nto desire, \nto throw, \nto eat\nto go\nto go",,
ईड्,id,to praise\nto praise,,
ईज्,ij,"to go\nto censure, \nto blame",,
इख्,ikh,"to go, \nto move",,
ईख्,ikh,to go,,
ईक्ष्,iksh,to see,,
इल्,il,"to send, \nto cast\nto sleep, \nto throw",,
ईन्,in,"to endeavour, \nto obtain, \nto aim at, \nto wish",,
इन्ध्,indh,"to shine, \nto kindle",,
इङ्ग्,ing,"to go, \nto move",,
इङ्ख्,inkh,"to go, \nto move",,
इण्ट्,int,"to have superhuman faculties, \nto be powerful",,
इन्व्,inv,to pervade\nto please\nto be satisfied,,
ईर्,ir,"to go\nto go, \nto shake\nto throw, \nto pronounce",,
ईर्ष्य्,irshy,to envy,,
इष्,ish,to go\nto repeat\nto wish,,
ईश्,ish,"to rule, \nto command, \nto possess powder",,
ईष्,ish,"to escape, \nto kill, \nto see\nto glean",,
इट्,it,to go,,
जा,ja,"to command, \nto direct\nto know\nto ascertain\nto recognize\nto consider",,
जभ्,jabh,"to yawn, \nto gape",,
जड्,jad,to heap,,
जागृ,jagri,to be awake or watchful,,
जै,jai,to decay,,
जज्,jaj,to fight\nto fight,,
जक्ष्,jaksh,"to eat, \nto consume, \nto laugh",,
जल्,jal,"to cover\nto strike, \nto be rich, \nto hide\nto encircle, \nto be sharp\nto be cold, stiff, dull, or dumb",U,10
जल्प्,jalp,"to speak, \nto prattle, \nto babble, \nto murmur, \nto chatter, \nto praise",P,1
जम्,jam,to eat,,
जम्भ्,jambh,to destroy,,
जम्म्,jamm,to destroy,,
जन्,jan,"to be born\nto be born, \nto grow, \nto become",A,4
जंस्,jans,"to protect, \nto release\nto protect, \nto release",,
जप्,jap,"to know, \nto cause \nto know, \nto see, \nto please\nto mutter, \nto mediate",P,1
जर्च्,jarch,"to speak, \nto blame",,
जर्ज्,jarj,to say\nto blame\nto kill\nto reprove,,
जस्,jas,"to hurt, \nto strike\nto injure, \nto strike\nto set free",,
जष्,jash,to kill,,
जट्,jat,to become matted,,
जेह्,jeh,"to try, \nto go",,
जेष्,jesh,to go,,
झम्,jham,to eat\nto consume,,
झर्झ्,jharjh,"to speak\nto blame\nto menace\nto speak\nto hurt, injure or kill\nto menace",,
झष्,jhash,"to hurt, injure or kill\nto take, \nto put on or wear",,
झट्,jhat,"to become matted \ntogether , \nto become confused or entangled",,
झृ,jhri,to become old\nto decay\nto grow old,,
जि,ji,"to conquer\nto overcome\nto surpass, \nto win, \nto restrain",P,1
जिम्,jim,to eat,,
जिन्व्,jinv,"to please\nto be lively, active, busy\nto excise\nto animate, \nto promote, confer\nto speak",,
जिष्,jish,to sprinkle,,
जीव्,jiv,"to live, \nto revive, \nto live upon",,
जृ,jri,"to grow old, \nto decay, \nto perish, \nto be digested\nto grow old, \nto decay\nto grow old, \nto waste away\nto decay\nto grow old, \nto waste away\nto decay",,
ज्रि,jri,"to conquer\nto defeat, \nto grow old\nto grow old, \nto decay",,
जु,ju,"to go, \nto be quick",,
जुड्,jud,"to go\nto send, \nto direct",,
जुग्,jug,to abandon\nto exclude,,
जुम्भ्,jumbh,"to gape\nto yawn\nto expand\nto open\nto spread\nto increase, appear, \nto rise",,
जूर्,jur,"to kill, \nto grow old, \nto be angry",,
जुष्,jush,"to please\nto like\nto take delight in\nto suffer\nto enter\nto reason\nto investigate\nto be satisfied\nto hurt\nto think, \nto examine, \nto be satisfied",,
जुत्,jut,to shine,,
ज्वल्,jval,to blaze\nto glow\nto shine,P,1
ज्वर्,jvar,to be hot with fever or passion\nto be ill,P,1
ज्या,jya,"to become old, \nto decay",,
ज्यु,jyu,to go,,
कब्,kab,to colour,,
कच्,kach,to bind\nto cry\nto shine\nto bind,,
काच्,kach,to shine\nto bind,,
कड्,kad,to be confused\nto be proud,,
कद्,kad,"to be confounded, \nto grieve",,
कड्ड्,kadd,to be harsh or rough,,
कग्,kag,to perform or do anything or act,,
कै,kai,to sound,,
कक्,kak,to wish\nto be proud\nto be unsteady\nto be thirsty,,
कख्,kakh,to\nto,,
कल्,kal,"to go, \nto count, \nto hold, \nto know, \nto regard\nto sound\nto count\nto throw",U,10
काल्,kal,to count the time,U,10
कल्ल्,kall,to sound indistinctly,,
कम्,kam,"to love, \nto long for\nto have intercourse with\nto value highly",,
कम्ब्,kamb,to go,,
कम्प्,kamp,to shake or tremble,,
कण्,kan,to cry or bewail\nto go or approach\nto wink,,
कन्,kan,to shine\nto love\nto wish\nto go,,
कण्ड्,kand,"to be proud\nto be proud\nto unhusk\nto separate the chaff from the grain, \nto protect",,
कन्द्,kand,to be confounded\nto grieve\nto call\nto shed tears,,
कङ्क्,kank,to go,,
काङ्क्ष्,kanksh,to desire or long for,,
कंस्,kans,"to go, \nto destroy",,
कण्ठ्,kanth,"to be anxious, \nto remember with regret\nto grive for, \nto miss",,
कर्ब्,karb,to go or approach,,
कर्द्,kard,to rumble\nto caw,,
कर्ज्,karj,to pain,,
कर्ण्,karn,to bore,,
कर्त्,kart,to slacken,,
कर्व्,karv,"to be proud, \nto boast",,
कस्,kas,to go,,
कास्,kas,to cough,,
कश्,kash,"to go, \nto punish\nto sound",,
कष्,kash,to kill or injure\nto try on a \ntouchs\ntone\nto rub,,
काश्,kash,to shine\nto shine,,
कट्,kat,to go\nto go or approach\nto rain\nto cover or \nto surround,,
कठ्,kath,"to drag on the days of life, \nto live in distress",U,10
कथ्,kath,to tell,U,10
कत्र्,katr,to slacken,,
कत्थ्,katth,to praise\nto boast\nto flatter,A,1
कव्,kav,"to praise\nto describe, \nto compose a poem",,
केल्,kel,to shake\nto sport,,
केप्,kep,to shake or tremble,,
केत्,ket,"to make hear, \nto call, \nto advise",,
खब्,khab,to go,,
खच्,khach,"to be born again\nto come forth\nto fasten, \nto set",,
खद्,khad,"to be firm, \nto kill",,
खाद्,khad,to eat\nto devour,,
खढ्,khadh,to break in pieces,,
खै,khai,to strike\nto be firm,,
खज्,khaj,to churn\nto agitate\nto limp,,
खक्ख्,khakkh,to laugh at,,
खन्,khan,to dig up,U,1
खण्ड्,khand,"khuṅḍ to break in pieces\nto break, \nto cut, \nto tear \nto pieces",,
खर्ब्,kharb,to go,,
खर्द्,khard,"to bite, \nto sting",,
खर्ज्,kharj,to pain\nto worship,,
खर्व्,kharv,to proud or haughty,,
खष्,khash,"to injure, hurt or kill",,
खट्,khat,to desire,,
खट्ट्,khatt,"to cover, \nto screen",,
खेल्,khel,to shake\nto tremble\nto play,P,1
खेट्,khet,to eat,,
खेव्,khev,to serve,,
खिद्,khid,to be displeased or distressed\nto be distresed\nto strike\nto afflict\nto be displeased,A,8
खिद्,khid,to be displeased or distressed\nto be distresed\nto strike\nto afflict\nto be displeased,A,4
खिद्,khid,to be displeased or distressed\nto be distresed\nto strike\nto afflict\nto be displeased,P,6
खिल्,khil,to glean,,
खिट्,khit,"to fear, \nto frighten",,
ख्Oट्,khot,"to throw, \nto eat\nto limp, \nto be lame",,
खु,khu,to sound,,
खुड्,khud,to cover,,
खुज्,khuj,to rob\nto steal,,
खुण्ड्,khund,to limp\nto break in\nto pieces,,
खुर्,khur,to cut,,
खुर्द्,khurd,to play,,
ख्या,khya,"to relate, \nto tell",,
कि,ki,to know,,
किल्,kil,to become white\nto sport\nto send,,
कील्,kil,to bind\nto fit,,
किष्क्,kishk,to kill,,
किट्,kit,to fear\nto frighten\nto go or approach,,
कित्,kit,to desire\nto dwell\nto live\nto heal or cure\nto doubt,,
कीट्,kit,"to tinge, \nto colour",,
क्लद्,klad,to make defective,,
क्लम्,klam,to be fatigued\nto be fatigued,,
क्लन्द्,kland,to call out\nto cry,,
क्लप्,klap,to whisper,,
क्लथ्,klath,to hurt or kill\nto kill,,
क्लेश्,klesh,to speak inarticulately\nto impede,,
क्लेव्,klev,to serve,,
क्लीब्,klib,to behave like a eunuch\nto be timorous or modest or unassuming,,
क्लिद्,klid,to become wet,,
क्लिन्द्,klind,to lament,,
क्लिश्,klish,"to be afflicted\nto \ntorment\nto \ntorment, \nto distress",,
क्लु,klu,to go,,
क्लुप्,klup,to be fit for\nto be able,,
क्मर्,kmar,to be crooked,,
क्नस्,knas,"to be crooked in mind or body, \nto shine",,
क्नथ्,knath,"to hurt, \nto injure, \nto kill\nto kill",,
क्नू,knu,to sound,,
क्नूय्,knuy,to make a creaking sound\nto be wet\nto sink,,
क्रद्,krad,"to be confounded, \nto grieve",,
क्रम्,kram,"to walk\nto step\nto go, \nto cross\nto leap\nto ascend",P,1
क्रन्द्,krand,to call out\nto cry\nto cry out continually\nto lament\nto grieve,P,1
क्रन्द्,krand,to call out\nto cry\nto cry out continually\nto lament\nto grieve,U,1
क्रप्,krap,to pity\nto go,,
क्रथ्,krath,"to injure, hurt or kill",,
कृ,kri,"to do, \nto make\nto kill, \nto hurt\nto kill\nto scatter\nto throw",,
क्री,kri,to buy,,
कृड्,krid,to become thick,,
क्रीड्,krid,to amuse oneself\nto play\nto gamble\nto make a noise or creak or break,,
कृन्त्,krint,to surround,,
कृप्,krip,to be able,,
कृश्,krish,to make or become emaciated,,
कृष्,krish,"to draw, \nto plough\nto draw\nto plough",,
कृत्,krit,"to cut\nto mention, \nto celebrate",,
क्रुच्,kruch,to make crooked\nto bend or curve\nto lessen,,
क्रुध्,krudh,to be angry,P,4
क्रुश्,krush,to call out\nto cry,,
क्षद्,kshad,"to cut, \nto protect, \nto eat",,
क्षै,kshai,"to wane, \nto decline\nto decay, \nto waste away",,
क्षज्,kshaj,"to go, \nto give\nto kill\nto live in distress",,
क्षल्,kshal,"to wash, \nto cleanse",,
क्षम्,ksham,to endure\nto forgive\nto forgive\nto suffer\nto allow\nto put up with\nto resist\nto be able \nto do anything,,
क्षम्प्,kshamp,"to endure, \nto forgive\nto forgive or endure",,
क्षण्,kshan,"to wound, \nto hurt, \nto kill",,
क्षप्,kshap,"to throw, \nto cast",,
क्षर्,kshar,"to flow\nto ooze\nto wane\nto become useless, \nto melt",,
क्षेड्,kshed,to eat,,
क्षेव्,kshev,to spit out,,
क्षि,kshi,"to kill\nto decay\nto wane, \nto waste\nto dwell\nto go",,
क्षी,kshi,to kill\nto kill,,
क्षीब्,kshib,to be drunk or in\ntoxicated,,
क्षीज्,kshij,to speak inarticulately,,
क्षिण्,kshin,"to kill, \nto hurt",,
क्षिप्,kship,to throw\nto throw,,
क्षिट्,kshit,to make an inarticulate sound,,
क्षिव्,kshiv,to eject from the mouth\nto vomit\nto spit out\nto spit,,
क्षीव्,kshiv,to be drunk or in\ntoxicated\nto spit out,,
क्ष्माय्,kshmay,to tremble\nto shake,,
क्ष्मील्,kshmil,to wink,,
क्ष्णु,kshnu,to whet,,
क्ष्Oट्,kshot,"to throw, \nto cast",,
क्षु,kshu,to sneeze,,
क्षुभ्,kshubh,"to be agitated, \nto shake\nto be agitated\nto disturb\nto tremble\nto agitate",,
क्षुद्,kshud,"to go\nto pound, \nto crush",,
क्षुध्,kshudh,to be hungry,,
क्षुम्प्,kshump,to go,,
क्षुप्,kshup,to be in\ntoxicated,,
क्षुर्,kshur,to scratch,,
क्ष्वेल्,kshvel,"to leap, \nto move\nto shake",,
क्ष्विड्,kshvid,"to melt, \nto discharge\nto be wet or unctuous\nto discharge juice, \nto emit sap",,
क्ष्विद्,kshvid,to be wet,,
कु,ku,to hum\nto moan\nto sound,P,2
कू,ku,to sound\nto sound\nto groan,P,2
कुभ्,kubh,to wet,,
कुच्,kuch,"to contract\nto shrink\nto be crooked\nto make crooked\nto bend, or curve\nto lessen\nto utter a shrill cry\nto contract\nto bend\nto be crooked\nto impede\nto write or delineate",,
कुड्,kud,to act as a child\nto heap\nto sink\nto become thick,,
कुद्,kud,to tell a lie,,
कूड्,kud,to become firm\nto eat,,
कुद्र्,kudr,to tell a lie,,
कुह्,kuh,"to surprise, \nto deceive",,
कुज्,kuj,"to make any inarticulate sound, \nto hum\nto coo\nto warble\nto protect\nto steal",,
कुक्,kuk,to take\nto accept\nto seize,,
कुल्,kul,to collect\nto be related or \nto behave as a kinsman\nto proceed uninterruptedly\nto reckon,,
कुमार्,kumar,to play,,
कुम्ब्,kumb,to cover,,
कुम्भ्,kumbh,to cover,,
कुम्प्,kump,"kumbh to cover, \nto dress\nto cover\nto dress",,
कुण्,kun,to invite\nto sound\nto support with gifts,,
कूण्,kun,"to speak, \nto hold a consultation",,
कुण्ड्,kund,to burn\nto maim or mutilate,,
कुंस्,kuns,to speak\nto speak,,
कुंश्,kunsh,to shine\nto shine,,
कुण्ट्,kunt,to be lame\nto cover,,
कुण्ठ्,kunth,to be mutilated or blunted\nto loosen\nto be dull or stupid or idle,,
कुन्थ्,kunth,to hurt\nto suffer pain,,
कुप्,kup,"to be angry\nto speak, \nto shine",P,4
कुर्,kur,to sound,,
कुर्द्,kurd,to play,,
कुस्,kus,"to embrace, \nto surround",,
कुष्,kush,"to draw out, \nto extract, \nto tear, \nto expel",,
कुस्म्,kusm,to smile improperly,,
कुट्,kut,"to be crooked, \nto bend\nto break in\nto pieces\nto break \nto pieces\nto cut",,
कुत्,kut,to cover,,
कूट्,kut,"to avoid giving\nto render indistinct or unintelligible\nto burn, \nto give pain",,
कुथ्,kuth,"to cling \nto, \nto hurt\nto become putrid\nto kill",,
कुत्स्,kuts,"to despise, \nto blame",,
कुट्ट्,kutt,"to boil\nto cut, \nto censure",,
कुटुम्ब्,kutumb,to support,,
क्वण्,kvan,to jingle\nto tinkle\nto hum\nto warble,,
क्वथ्,kvath,to boil\nto decoct\nto digest,,
ला,la,to take\nto give\nto melt,,
लभ्,labh,"to get, \nto obtain, \nto take, \nto have \nto find, \nto be able, \nto know",,
लाभ्,labh,"to throw, \nto direct",,
लच्छ्,lachchh,to mark,,
लाछ्,lachh,to mark\nto distinguish,,
लड्,lad,"to loll the \ntongue, \nto churn\nto blame, \nto harass\nto play",,
लग्,lag,"to adhere \nto, \nto become united, \nto come in contact, \nto happen, \nto approach, \nto \ntouch, \nto produce an effect\nto taste, \nto obtain",,
लाघ्,lagh,to be able,,
लैण्,lain,to go\nto approach\nto embrace\nto send,,
लज्,laj,"to be ashamed\nto be bashful\nto fry, \nto roast\nto fry, \nto roast, \nto blame, \nto traduce\nto injure, \nto be strong, \nto take, \nto dwell, \nto speak, \nto shine, \nto be manifest",,
लाज्,laj,"to blame, \nto fry",,
लख्,lakh,"to go or move\nto go, \nto move",,
लाख्,lakh,"to dry\nto adorn, \nto suffice",,
लक्ष्,laksh,"to observe, \nto mark\nto see, \nto look at",,
लल्,lal,"to desire, \nto seek\nto play",,
लम्ब्,lamb,"to sound, \nto delay, \nto fall, \nto hang down",,
लण्ड्,land,"to speak, \nto shine\nto speak, \nto shine\nto throw up\nto throw up",,
लङ्ग्,lang,"to go, \nto limp",,
लङ्घ्,langh,"to dry up, \nto diminish, \nto mount upon\nto go, \nto fast, \nto transgress\nto speak, \nto shine, \nto transgress",,
लप्,lap,"to speak, \nto prate, \nto whisper",,
लर्ब्,larb,"to go, \nto move",,
लस्,las,"to embrace, \nto play, \nto shine",,
लश्,lash,"to exercise an art, \nto do anything scientifically",,
लष्,lash,"to wish, \nto long for",,
लट्,lat,"to be a child, \nto act or talk like a child, \nto cry",,
लट्ट्,latt,"to fondle, \nto caress",,
लय्,lay,"to go, \nto move",,
लेप्,lep,to go\nto move,,
ल्हप्,lhap,"to speak, \nto sound",,
ली,li,"to adhere \nto, \nto be absorbed, \nto be dissolved, \nto hide in, \nto rest on, \nto disappear\nto adhere \nto\nto melt\nto be absorbed in\nto melt\nto melt",,
लिह्,lih,to lick\nto taste,,
लिख्,likh,"to write, \nto scratch, \nto draw, \nto \ntouch, \nto peck",,
लिङ्ग्,ling,"to go\nto move\nto paint, \nto variegate",,
लिप्,lip,"to anoint, \nto besmear, \nto cover, \nto spread over, \nto stain, \nto pollute",,
लिश्,lish,"to decrease, \nto become small\nto go, \nto move",,
ल्Oच्,loch,"to see, \nto perceive",,
ल्Oड्,lod,to be mad,,
ल्Oक्,lok,"to see\nto perceive\nto speak, \nto shine",,
ल्Oष्ट्,losht,to heap up,,
लू,lu,to cut\nto pluck\nto divide\nto destroy,,
लुभ्,lubh,"to confound, \nto disturb\nto covet, \nto long for, \nto allure",,
लुच्,luch,to remove\nto pluck,,
लुड्,lud,to churn\nto stir\nto disturb,,
लुज्,luj,"to injure, \nto be strong, \nto take, \nto dwell, \nto speak, \nto shine\nto injure\nto be strong\nto take\nto dwell\nto speak\nto shine",,
लुल्,lul,to move \nto and fro\nto stir\nto make tremulous,,
लुम्ब्,lumb,"to be invisible, \nto \ntorment\nto \ntorment",,
लुण्ड्,lund,to steal or rob,,
लुण्ट्,lunt,to rob\nto plunder\nto be idle\nto resist\nto be lame,,
लुण्ठ्,lunth,"to steal, \nto plunder",,
लुन्थ्,lunth,"to strike, \nto suffer pain",,
लुप्,lup,"to be confused, \nto vanish\nto cut, \nto break. \nto rob, \nto plunder, \nto seize, \nto suppress",,
लुष्,lush,"to injure, \nto hurt",,
लूष्,lush,to decorate,,
लुट्,lut,"to resist\nto oppose\nto wallow, \nto roll about, \nto join\nto churn, \nto agitate, \nto roll, \nto wallow, \nto be connected with\nto churn\nto agitate\nto be connected\nto wallow\nto roll\nto speak, \nto shine",,
लुठ्,luth,"to strike, \nto knock down",,
मा,ma,"to measure\nto measure, \nto weigh, \nto limit, \nto compare in size\nto measure\nto limit\nto shine\nto appear\nto be",,
मभ्र्,mabhr,to go,,
मच्,mach,"to cheat, \nto boast, \nto pound\nto hold, \nto grow high, \nto adore",,
मद्,mad,"to bind\nto kill\nto gratify, \nto please\nto rejoice, \nto be poor or distressed, \nto be in\ntoxicated or mad",,
मह्,mah,to worship\nto worship\nto revere,,
माह्,mah,to measure,,
मज्,maj,"to be mad, \nto sound\nto sound",,
मख्,makh,to go,,
मक्ष्,maksh,to collect,,
मल्,mal,to hold\nto possess,,
मण्,man,"to sound, \nto murmur",,
मन्,man,"to be proud, \nto s\ntop\nto know, \nto think\nto think, \nto suppose, \nto regard as, \nto esteem, \nto honour, \nto know",,
मान्,man,"to investigate\nto examine\nto s\ntop, \nto be proud\nto worship",,
मण्ड्,mand,"to adorn\nto adorn oneself\nto divide, \nto clothe\nto surround",,
मन्द्,mand,to praise\nto be glad\nto proud\nto sleep\nto shine\nto move slowly,,
मङ्घ्,mangh,"to adorn, \nto decorate\nto go, \nto blame, \nto be moving, \nto cheat",,
मंह्,manh,"to grow old\nto speak, \nto shine",,
मङ्क्,mank,"to adorn, \nto decorate",,
मङ्ख्,mankh,to go,,
मांक्ष्,manksh,to desire\nto wish,,
मण्ठ्,manth,to remember with regret\nto grieve for,,
मन्थ्,manth,"to churn, \nto shake, \nto destroy, \nto afflict\nto churn, \nto stir\nto churn, \nto stir\nto shake\nto kill\nto crush\nto tear off\nto kill\nto injure\nto be afflicted\nto suffer pain",,
मन्त्र्,mantr,"to consult, \nto advise, \nto ponder over",,
मर्ब्,marb,to go,,
मर्च्,march,"to sound, \nto take",,
मार्ग्,marg,"to seek, \nto strive after, \nto obtain",,
मार्ज्,marj,"to sound, \nto cleanse, \nto purify",,
मर्व्,marv,to fill,,
मस्,mas,"to measure, \nto charge for",,
मश्,mash,to sound\nto be angry,,
मष्,mash,to kill\nto sound,,
मस्ज्,masj,"to sink down, \nto be immersed in water\nto be disheartened",,
मस्क्,mask,to go,,
मठ्,math,"to grind, \nto dwell",,
मव्य,mavya,to bind,,
मय्,may,to go,,
मे,me,"to return, \nto exchange",,
मेध्,medh,"to know, \nto kill, \nto meet",,
मेप्,mep,to go,,
मेथ्,meth,"to know, \nto understand, \nto kill, \nto hurt",,
मेव्,mev,"to serve, \nto worship",,
मि,mi,"to throw, \nto scatter",,
मी,mi,"to die, \nto perish, \nto kill, \nto hurt\nto go, \nto move\nto kill, \nto destroy, \nto hurt, \nto lessen",,
मिच्छ्,michchh,"to annoy, \nto hurt, \nto obstruct",,
मिद्,mid,"to be greasy, \nto be soft, \nto melt\nto love, \nto melt\nto understand, \nto kill",,
मिध्,midh,"to understand, \nto kill",,
मिह्,mih,"to sprinkle, \nto make water, \nto wet",,
मिज्,mij,"to speak, \nto shine",,
मिल्,mil,"to be united with, \nto meet, \nto join, \nto clash, \nto happen",,
मील्,mil,"to close the eyes, \nto twinkle, \nto fade, \nto disappear",,
मीम्,mim,to go,,
मिन्द्,mind,"to love, \nto melt, \nto become far",,
मिन्व्,minv,to love\nto sprinkle,,
मिश्,mish,to make noise\nto be angry,,
मिष्,mish,"to make noise\nto rival, \nto contend with, \nto look on or at\nto sprinkle, \nto wet, \nto serve",,
मिश्र,mishra,"to mix, \nto add, \nto combine",,
मिथ्,mith,to understand\nto hurt,,
मीव्,miv,to grow fat or large,,
म्लै,mlai,"to be sad, \nto become weary, \nto fade, \nto be emaciated",,
म्लेच्छ्,mlechchh,to speak indistinctly\nto speak indistinctly,,
म्लेट्,mlet,to be mad,,
म्लेव्,mlev,"to serve, \nto worship",,
म्लुच्,mluch,"to go, \nto move",,
म्ना,mna,"to study, \nto repeat, \nto remember, \nto think",,
म्रद्,mrad,"to crush, \nto pound",,
म्रक्ष्,mraksh,"to collect, \nto rub\nto combine, \nto smear, \nto speak indistinctly",,
म्रेट्,mret,to be mad,,
मृ,mri,to die\nto kill\nto injure,,
मृड्,mrid,"to make happy, \nto rejoise\nto pound\nto be happy",,
मृढ्,mridh,to grind\nto crush\nto bruise\nto squeeze\nto press\nto pound\nto rule\nto overcome,,
मृध्,mridh,"to moisten, \nto kill",,
मृग्,mrig,"to seek, \nto examine, \nto investigate, \nto beg\nto seek, \nto hunt",,
मृज्,mrij,"to cleanse, \nto wipe off, \nto adorn, \nto sharpen\nto cleanse\nto purify\nto wipe off\nto wipe off, \nto adorn",,
मृक्ष्,mriksh,"to collect, \nto rub",,
मृण्,mrin,to kill,,
मृश्,mrish,"to \ntouch, \nto consider, \nto reflect",,
मृष्,mrish,"to bear, \nto endure, \nto suffer\nto forgive\nto sprinkle, \nto endure",,
म्रुच्,mruch,"to go or move\nto go, \nto move",,
मू,mu,to bind,,
मुच्,much,"to cheat, \nto be wicked, \nto tell\nto free, \nto liberate, \nto release, \nto loosen, \nto abandon, \nto grant, \nto except, \nto shed, \nto discharge, \nto dismiss, \nto utter, \nto void\nto loosen, \nto liberate, \nto rejoice",,
मुद्,mud,"to be glad, \nto rejoise\nto mix, \nto unite",,
मुह्,muh,"to loose sense, \nto faint, \nto be bewildered, \nto err, \nto be foolish",,
मुज्,muj,to sound\nto sound,,
मूल्,mul,"to cause \nto grow, \nto rear\nto take root, \nto be firm, \nto accumulate",,
मुण्,mun,to promise,,
मुण्ड्,mund,"to be pure, \nto sink\nto grind, \nto shave, \nto shear",,
मुण्ठ्,munth,"to protect, \nto run away",,
मुर्,mur,"to surround, \nto bind \ntogether",,
मुर्छ्,murchh,"to faint, \nto increase, \nto grow, \nto become strong, \nto take effect on",,
मुर्व्,murv,to bind,,
मुष्,mush,"to destroy, \nto break, \nto steal\nto steal, \nto carry off\nto excel\nto cover\nto captivate",,
मूष्,mush,"to steal, \nto rob",,
मुस्त्,must,to collect,,
मुट्,mut,"to crush, \nto grind, \nto break\nto blame, \nto crush, \nto bind\nto crush, \nto grind, \nto break",,
मूत्र्,mutr,to discharge urine,,
नभ्,nabh,"to destroy, \nto perish\nto kill\nto kill",,
नद्,nad,"to speak, \nto shine",,
नह्,nah,"to tie, \nto arm or \nto put on oneself",,
नख्,nakh,to go,,
नक्क्,nakk,to perish,,
नक्ष्,naksh,to go,,
नल्,nal,to smell\nto bind,,
नम्,nam,to salute\nto sink\nto bend,,
नन्द्,nand,to be glad or satisfied,P,1
नंख्,nankh,to go,,
नर्द्,nard,"to sound, \nto roar",,
नस्,nas,to be crooked,,
नास्,nas,to sound,,
नश्,nash,"to disappear, \nto perish, \nto run away, \nto be unsucessful",,
नट्,nat,to dance\nto act\nto sound\nto roar\nto thunder\nto speak,,
नाथ्,nath,to ask\nto harass\nto be master\nto bless,,
नय्,nay,to go,,
नेद्,ned,to censure\nto be near,,
नेष्,nesh,to go,,
न्ही,nhi,"to blush, \nto be ashamed",,
नी,ni,"to lead\nto carry\nto bring\nto pass, \nto spend\nto trace",,
निद्,nid,"to ridicule, \nto reach",,
निज्,nij,"to wash\nto wash, \nto purify, \nto nourish",,
निक्ष्,niksh,to kiss,,
निल्,nil,to understand with difficulty\nto become thick,,
नील्,nil,to be of a dark colour\nto dye dark,,
निन्द्,nind,to blame\nto censure\nto condemn,,
निंस्,nins,to kiss,,
निन्व्,ninv,to sprinkle\nto attend,,
निश्,nish,to meditate upon,,
निष्,nish,"to sprinkle, \nto moisten",,
निष्क्,nishk,"to measure, \nto weigh",,
नीव्,niv,to become fat,,
निवास्,nivas,to cover,,
नृ,nri,to carry\nto lead,,
नृत्,nrit,"to dance, \nto jesticulate",,
णु,nu,to sound,,
नु,nu,to praise,,
नू,nu,to praise,,
नुद्,nud,to throw\nto throw\nto push\nto urge on\nto drive\nto remove\nto direct,,
ओख्,okh,to be dry\nto be able or sufficient\nto adorn\nto refuse\nto prevent,,
ओलज्,olaj,to throw up,,
ओलण्ड्,oland,to throw\nto throw up,,
ओण्,on,to remove\nto drag along,,
पा,pa,"to drink, \nto feast on, \nto swallow up\nto protect\nto fgovern\nto preserve",,
पच्,pach,"to cook\nto bake, \nto burn\nto digest, \nto ripen, \nto develop\nto make clear\nto spread, \nto make clear",,
पद्,pad,"to go, \nto attain, \nto observe\nto go, \nto move",,
पै,pai,"to dry, \nto wither",,
पैण्,pain,"to go, \nto send, \nto \ntouch, \nto embrace",,
पक्ष्,paksh,"to seize, \nto accept, \nto take aside\nto seize\nto accept, \nto take aside",,
पल्,pal,to go,,
पाल्,pal,"to protect, \nto govern",,
पण्,pan,"to praise\nto transact business, \nto deal in, \nto barter, \nto bet, \nto stake",,
पण्ड्,pand,"to destroy, \nto collect\nto go",,
पन्त्,pant,"to thunder, \nto go",,
पन्थ्,panth,to go,,
पप्,pap,to go,,
पार्,par,"to bring \nto a conclusion, \nto accomplish",,
पर्द्,pard,to break wind,,
पर्ण्,parn,to make green,,
पर्व्,parv,to fill,,
पस्,pas,to destroy,,
पश्,pash,"to bind, \nto fetter",,
पष्,pash,"to go, \nto move",,
पट्,pat,"to go\nto speak, \nto cover\nto string, \nto envelop, \nto clothe",,
पत्,pat,"to be master of, \nto rule, \nto possess, \nto be fit for\nto fall, \nto fly, \nto alight, \nto sink, \nto be degraded, \nto attack",,
पठ्,path,"to declare, \nto mention, \nto cite, \nto study, \nto read, \nto recite",,
पथ्,path,to throw,,
पय्,pay,to go,,
पेल्,pel,to go,,
पेस्,pes,to go,,
पेष्,pesh,"to resolve upon, \nto strive diligently for",,
पेव्,pev,to serve,,
फक्क्,phakk,"to behave ill, \nto go softly",,
फल्,phal,"to bear fruit, \nto result, \nto succeed, \nto be useful or fruitful\nto burst open, \nto split",,
फण्,phan,"to go, \nto produce easily",,
फेल्,phel,to go,,
पि,pi,to go,,
पी,pi,to drink,,
पिच्छ्,pichchh,"to split, \nto cut, \nto divide",,
पीड्,pid,"to afflict, \nto harass, \nto annoy, \nto squeeze, \nto press, \nto oppose, \nto give pain",,
पिज्,pij,"to kill, \nto be strong, \nto take, \nto dwell\nto speak, \nto shine\nto tinge\nto colour\nto join\nto divide\nto speak inarticulately",,
पील्,pil,to check\nto impede\nto obstruct,,
पिण्ड्,pind,"to roll in\nto a lump, \nto heap\nto roll in\nto a lump, \nto heap\nto unite",,
पिंस्,pins,"to speak, \nto shine",,
पिन्व्,pinv,"to sprinkle, \nto serve",,
पिस्,pis,to go\nto go,,
पिश्,pish,to form\nto be reduced \nto constituent part\nto light,,
पिष्,pish,"to grind, \nto pound, \nto crush",,
पिट्,pit,to injure\nto kill\nto feel pain\nto sound\nto assemble\nto heap \ntogether,,
पीव्,piv,to be fat or thick,,
प्लक्ष्,plaksh,to eat,,
प्ली,pli,to go,,
प्लिह्,plih,to go,,
प्लु,plu,"to go, \nto jump, \nto fly, \nto float, \nto swim",,
प्लुष्,plush,"to burn, \nto scorch",,
प्ल्यूल्,plyul,"to cut, \nto wash in water impregnated with alkaline salt",,
प्रा,pra,to fill,,
प्रच्छ्,prachchh,to ask\nto seek\nto desire\nto know,,
प्रस्,pras,"to extend, \nto expand",,
प्रथ्,prath,"to become famous, \nto increase, \nto spread abroad, \nto arise, \nto appear\nto proclaim, \nto manifest, \nto increase, \nto throw, \nto publish",,
प्रेङ्ख्Oल्,prenkhol,"to swing, \nto shake",,
प्रेष्,presh,to go,,
पृ,pri,"to be busy or active\nto please\nto protect, \nto fill, \nto gratify , \nto blow\nto protect, \nto fill, \nto promote, \nto deliver\nto protect, \nto fill\nto protect, \nto nourish, \nto fill, \nto blow, \nto satisfy",,
प्री,pri,"to please, \nto be satisfied, \nto feel affection for\nto please, \nto delight, \nto show kindness \nto, \nto love, \nto desire, \nto take delight in\nto please, \nto gratify",,
पृच्,prich,"to come in contact with\nto \ntouch\nto hinder, \nto oppose, \nto join\nto \ntouch, \nto bring in\nto contact with, \nto unite, \nto satiate, \nto increase",,
पृज्,prij,to dye,,
पृष्,prish,"to sprinkle, \nto hurt, \nto vex",,
पृथ्,prith,"to go\nto throw, \nto send, \nto direct",,
प्र्Oथ्,proth,"to be equal \nto, \nto be a match for, \nto be complete",,
प्रु,pru,"to go, \nto jump",,
प्रुष्,prush,"to burn, \nto reduce \nto ashes\nto become wet, \nto sprinkle",,
प्रुट्,prut,to rub,,
प्सा,psa,to devour\nto eat,,
पू,pu,to purify or clean from chaff\nto purify\nto discern\nto contrive,,
पुड्,pud,to gladden\nto grind,,
पुह्,puh,to quit\nto dismiss,,
पूज्,puj,"to worship, \nto honour",,
पुल्,pul,"to be great or large\nto be great or large\nto be lofty or high, \nto be heaped up\nto heap, \nto be great or large",,
पूल्,pul,"to collect, \nto gather, \nto heap up, \nto assemble",,
पुण्,pun,to be pure or virtuous\nto do a holy work\nto collect\nto please\nto propitiate,,
पुण्ड्,pund,"to grind, \nto pound",,
पुंस्,puns,"to increase, \nto crash, \nto pain, \nto punish",,
पुण्ट्,punt,"to speak, \nto shine",,
पुन्थ्,punth,"to kill, \nto suffer pain",,
पुर्,pur,to precede\nto lead,,
पूर्,pur,"to fill, \nto satisfy, \nto be full, \nto be satisfied\nto kill, \nto cover, \nto intensify",,
पूर्ण्,purn,to collect,,
पुर्व्,purv,"to dwell, \nto invite\nto fill",,
पुष्,push,"to maintain, \nto promote\nto nourish, \nto bring up\nto develop, \nto support, \nto augment\nto show\nto have\nto nourish, \nto develop, \nto support\nto enhance, \nto get\nto nourish, \nto support, \nto develop, \nto increase, \nto possess",,
पूष्,push,"to nourish, \nto increase, \nto grow",,
पुष्प्,pushp,"to blow, \nto flower",,
पुस्त्,pust,"to honour, \nto dishonour, \nto respect, \nto disrespect",,
पुट्,put,"to be in contact, \nto bind \ntogether\nto embrace\nto intertwine\nto speak, \nto shine",,
पुथ्,puth,to kill,,
पुट्ट्,putt,"to decrease, \nto diminish",,
पूय्,puy,"to split, \nto stink",,
प्यै,pyai,to grow,,
प्याय्,pyay,"to grow, \nto increase, \nto swell",,
रा,ra,to give\nto grant,,
रभ्,rabh,"to begin, \nto desire, \nto act rashly",,
रच्,rach,"to arrange, \nto compose, \nto effect",,
रद्,rad,"to split, \nto scratch",,
रध्,radh,"to kill, \nto injure, \nto cook, \nto finish",,
राध्,radh,"to accomplish\nto kill\nto propitiate\nto grow, \nto be ready, \nto be favourable, \nto look \nto the welfare of",,
रग्,rag,to doubt,,
राघ्र,raghra,to be able,,
रह्,rah,"to abandon, \nto quit",,
रै,rai,to sound,,
रज्,raj,"to be coloured, \nto redden, \nto dye, \nto be attached \nto, \nto be excited, \nto be pleased with\nto please",,
राज्,raj,"to shine, \nto glitter, \nto appear like",,
रक्,rak,"ragh to taste, \nto obtain",,
रख्,rakh,to go,,
राख्,rakh,"to dry, \nto adorn, \nto be able",,
रक्ष्,raksh,"to protect, \nto watch, \nto take care of",,
रम्,ram,"to sport, \nto rest, \nto be pleased, \nto rejoice at, \nto have sexual intercourse with",,
रम्ब्,ramb,to sound,,
रम्फ्,ramph,"to go, \nto kill",,
रण्,ran,"to go\nto sound, \nto ring, \nto jingle",,
रङ्घ्,rangh,"to go, \nto hasten\nto speak, \nto shine",,
रंह्,ranh,"to go, \nto move\nto speak, \nto shine",,
रङ्ख्,rankh,"to go, \nto move",,
रण्व,ranva,to go,,
रप्,rap,"to talk, \nto speak",,
रफ्,raph,"to kill, \nto go",,
रस्,ras,"to roar, \nto cry, \nto make noise, \nto praise\nto taste, \nto relish, \nto love",U,10
रश्,rash,to sound,,
राश्,rash,to sound,,
रट्,rat,"to roar, \nto yell, \nto proclaim aloud, \nto shout",,
रय्,ray,"to go, \nto move",,
रेभ्,rebh,to speak,,
रेच्,rech,"to separate, \nto join, \nto mix",,
रेघ्,regh,"to utter an inarticulate sound, \nto neigh, \nto roar",,
रेक्,rek,to doubt,,
रेप्,rep,"to go, \nto move",,
रेट्,ret,"to speak, \nto ask, \nto request",,
रेव्,rev,"to leap, \nto go, \nto move",,
ऋ,ri,to kill\nto go\nto go\nto go\nto acquire,,
रि,ri,"to go, \nto move\nto kill",,
री,ri,"to go\nto move\nto howl\nto ooze, \nto flow",,
ऋच्,rich,to praise,,
रिच्,rich,"to purge, \nto empty, \nto evacuate\nto separate, \nto divide, \nto join",,
ऋच्छ्,richchh,"to go\nto fail in faculties, \nto become hard or congeal",,
ऋध्,ridh,"to increase, \nto prosper, \nto please\nto increase, \nto prosper",,
ऋज्,rij,to fry\nto go\nto stand\nto gain\nto acquire\nto be healthy,,
रिख्,rikh,"to go, \nto move",,
ऋक्षि,rikshi,to kill,,
ऋण्,rin,to go,,
रिङ्ख्,rinkh,"to go, \nto move",,
रिण्व्,rinv,"to go, \nto move",,
रिफ्,riph,"to boast, \nto speak, \nto fight, \nto censure, \nto kill, \nto give",,
ऋफ्,riph,to kill,,
रिश्,rish,to kill,,
रिष्,rish,"to kill, \nto destroy\nto kill, \nto destroy, \nto injure",,
ऋश्,rish,to kill\nto go,,
ऋष्,rish,to be proud,,
ऋत्,rit,"to reproach, \nto pity, \nto go, \nto rival\nto have power",,
र्Oड्,rod,"to despise, \nto be mad",,
रु,ru,"to cry\nto roar\nto shout\nto sound\nto go, \nto kill",,
रुच्,ruch,"to shine, \nto please, \nto like, \nto appear good",,
रुद्,rud,to shed tears\nto cry\nto weep\nto lament,,
रुध्,rudh,"to desire, \nto love, \nto comply with, \nto obey\nto oppose, \nto obstruct, \nto besiege, \nto enclose, \nto obscure, \nto harass",,
रुह्,ruh,"to grow from seed, \nto become manifest, \nto grow, \nto rise, \nto ascend",,
रुज्,ruj,"to break, \nto destroy\nto bend, \nto pain, \nto injure\nto kill",,
रूक्ष्,ruksh,to be harsh or rough\nto make dry,,
रुण्ड्,rund,to steal,,
रुंश्,runsh,"to speak, \nto shine",,
रुण्ट्,runt,"to steal, \nto rob",,
रुण्ठ्,runth,"to steal\nto be lame, \nto go",,
रुप्,rup,"to violate, \nto confound, \nto disturb",,
रूप्,rup,"to form, \nto represent on the stage, \nto see, \nto consider",,
रुश्,rush,to kill,,
रुष्,rush,to be angry\nto kill\nto kill,,
रूष्,rush,"to decorate, \nto smear, \nto cover",,
रुट्,rut,"to be angry\nto strike down, \nto fell\nto strike, \nto oppose",,
रुठ्,ruth,"to speak, \nto shine",,
सभाज्,sabhaj,"to please, \nto serve, \nto salute, \nto honour",,
सच्,sach,"to sprinkle, \nto serve",,
सद्,sad,"to divide, \nto break, \nto go, \nto wither, \nto despond, \nto be weary\nto divide, \nto break, \nto go, \nto wither, \nto despond, \nto be weary\nto go, \nto approach",,
साध्,sadh,to accomplish,,
सग्,sag,to cover,,
सघ्,sagh,to kill,,
सह्,sah,"to forbear, \nto be able\nto satisfy, \nto be plesed\nto suffer, \nto forbear, \nto be patient, \nto wait, \nto be able \nto resist, \nto conquer, \nto s\ntop",A,1
सै,sai,"to waste away, \nto decline",,
सज्,saj,"to cling \nto, \nto fasten, \nto embrace",,
सल्,sal,"to go, \nto move",,
सम्,sam,to be composed\nto change form,,
साम्,sam,"to conciliate, \nto console",,
सम्ब्,samb,"to collect\nto go, \nto creep",,
साम्ब्,samb,to collect,,
सन्,san,"to dive\nto give, \nto honour, \nto obtain, \nto worship",,
सङ्ग्राम्,sangram,to fight,,
सङ्केत्,sanket,"to invite, \nto counsel",,
संस्त्,sanst,to sleep,,
सान्त्व्,santv,"to appease, \nto console",,
सप्,sap,to connect,,
सार्,sar,to be weak,,
सर्ब्,sarb,"to go, \nto move",,
सर्व्,sarv,"to go, \nto kill",,
सस्,sas,to sleep,,
सस्ज्,sasj,"to go, \nto become ready",,
सट्,sat,to be a part or portion,,
सत्र्,satr,"to extend, \nto spread",,
सट्ट्,satt,"to hurt, \nto kill",,
सेच्,sech,to be associated with,,
सेक्,sek,"to go, \nto move",,
सेल्,sel,"to go, \nto move",,
सेव्,sev,"to serve, \nto honour, \nto follow, \nto use, \nto enjoy, \nto cultivate, \nto practise, \nto devote oneself \nto, \nto inhabit, \nto frequent, \nto guard, \nto protect",A,1
शब्द्,shabd,"to make manifest , \nto make any sound, \nto utter",,
शच्,shach,"to speak, \nto say, \nto tell",,
शड्,shad,"to hurt, \nto cause disease, \nto collect",,
शद्,shad,"to perish gradually\nto perish, \nto fall, \nto wither, \nto decay",,
शाड्,shad,to praise,,
शै,shai,to cook,,
शक्,shak,"to be able\nto be powerful\nto bear\nto endure, \nto be able",,
शाख्,shakh,to pervade,,
शल्,shal,"to go, \nto move\nto shake, \nto cover",,
शाल्,shal,"to praise, \nto shine, \nto be endowed with, \nto tell",,
शल्भ्,shalbh,"to praise, \nto boast",,
शम्,sham,"to be calm\nto look at, \nto inspect, \nto show",,
शम्ब्,shamb,to accumulate,,
शण्,shan,"to give, \nto go",,
शान्,shan,to whet,,
शङ्क्,shank,"to fear, \nto doubt, \nto suspect",,
शंस्,shans,"to praise, \nto be in distres, \nto tell, \nto indicate\nto wish, \nto expect, \nto bless",,
शप्,shap,"to curse, \nto imprecate, \nto swear\nto curse, \nto swear",,
शर्ब्,sharb,"to go, \nto move\nto kill",,
शस्,shas,to kill,,
शास्,shas,"to desire, \nto seek, \nto bless, \nto praise\nto teach, \nto inform, \nto rule, \nto command, \nto punish, \nto advise",,
शश्,shash,"to jump, \nto dance",,
शष्,shash,to kill,,
शट्,shat,"to be sick, \nto divide, \nto pierce, \nto go, \nto be weary",,
शठ्,shath,"to cheat, \nto defraud\nto leave unfinished\nto speak ill or well",,
शौट्,shaut,to be proud,,
शव्,shav,"to go, \nto move",,
श्चुत्,shchut,"to ooze, \nto diffuse",,
शेल्,shel,"to go, \nto move",,
शेव्,shev,"to worship, \nto serve",,
शि,shi,to whet\nto excite,,
शी,shi,"to sleep, \nto lie down",,
शीभ्,shibh,to boast,,
शिघ्,shigh,to smell,,
शिज्,shij,"to tinkle, \nto rattle, \nto whisper",,
शीक्,shik,"to be angry, \nto \ntouch\nto speak, \nto shine, \nto be angry, \nto \ntouch",,
शिख्,shikh,"to go, \nto move",,
शिक्ष्,shiksh,"to learn, \nto practise",,
शिल्,shil,to glean,,
शील्,shil,"to meditate, \nto intend\nto practise repeatedly, \nto exercise, \nto visit, \nto honour",,
शिष्,shish,"to distinguish, \nto leave as a remainder\nto kill, \nto leave as a remainder\nto leave a residue",,
शिट्,shit,to disregard,,
श्लाघ्,shlagh,"to praise, \nto flatter, \nto boast",,
श्लाख्,shlakh,"to pervade, \nto penetrate",,
श्लङ्क्,shlank,"to go, \nto move",,
श्लथ्,shlath,to hurt,,
श्लिष्,shlish,"to burn\nto embrace, \nto collect",,
श्लीष्,shlish,"to embrace, \nto adhere \nto, \nto unite",,
श्ल्Oक्,shlok,"to heap \ntogether, \nto collect, \nto versify",,
श्ल्Oण्,shlon,to collect,,
श्मील्,shmil,to wink,,
श्O,sho,"to whet, \nto make thin",,
श्Oण्,shon,"to be red, \nto go",,
श्रा,shra,"to cook, \nto boil",,
श्रै,shrai,to cook,,
श्रम्,shram,"to perform acts of penance, \nto be fatigued",,
श्रम्भ्,shrambh,"to be careless, \nto err",,
श्रण्,shran,to give\nto give,,
श्रङ्क,shranka,"to go, \nto move",,
श्रन्थ्,shranth,"to arrange\nto loosen\nto loosen, \nto liberate, \nto gladden, \nto bind\nto arrange",,
श्रथ्,shrath,"to be weak\nto kill\nto liberate, \nto kill\nto make effort, \nto set out",,
शृ,shri,"to tear asunder, \nto split in pieces, \nto hurt, \nto kill",,
श्रि,shri,"to serve, \nto depend upon",,
श्री,shri,"to cook, \nto dress",,
शृध्,shridh,"to break wind\nto insult, \nto mock at\nto moisten, \nto wet, \nto cut off",,
श्रिस्,shris,to burn,,
शृष्,shrish,to bring forth,,
श्र्Oण्,shron,"to heap \ntogether, \nto collect",,
श्रु,shru,"to go, \nto move",,
ष्ठिव्,shthiv,spit,,
शुभ्,shubh,"to shine\nto speak, \nto shine, \nto kill\nto shine, \nto look beautiful",,
शुच्,shuch,"to be wet, \nto be clean\nto regret, \nto grive for, \nto bewail",,
शुच्य,shuchya,"to perform ablution, \nto squeeze out juice, \nto distil",,
शुध्,shudh,"to become pure, \nto be made clear",,
शूल्,shul,"to be ill, \nto collect",,
शुल्क्,shulk,"to leave, \nto forsake, \nto pay, \nto give, \nto give, \nto gain",,
शुन्,shun,to go,,
शुन्ध्,shundh,"to purify\nto purify, \nto make clean",,
शुण्ठ्,shunth,"to dry, \nto become dry",,
शूप्,shup,to measure,,
शूर्,shur,"to be powerful, \nto be valiant\nto strike, \nto be firm",,
शुष्,shush,"to become dry, \nto be withered",,
शुट्,shut,"to resist, \nto go lame",,
शुठ्,shuth,to be lazy,,
श्वभ्,shvabh,"to go, \nto move",,
श्वल्,shval,to run,,
श्वल्क्,shvalk,"to tell, \nto narrate",,
श्वङ्क्,shvank,śvac to go,,
श्वस्,shvas,"to breath, \nto sigh, \nto hiss",,
ष्वष्क्,shvashk,to go,,
श्वठ्,shvath,"śvaṅṭh to leave unfinished, \nto go\nto speak ill or well",,
श्वि,shvi,"to move, \nto increase, \nto grow, \nto swell",,
श्विन्द्,shvind,to be white,,
श्वित्,shvit,to be white,,
श्यै,shyai,"to go, \nto move, \nto wither\nto dry up",,
सि,si,"to tie\nto tie, \nto bind",,
सिभ्,sibh,to kill,,
सिच्,sich,"to sprinkle, \nto moisten, \nto scatter",,
सिध्,sidh,"to be accomplished, \nto succeed, \nto be thoroughly prepared\nto go\nto ordain, \nto instruct, \nto do an auspicious act, \nto turn out auspiciously, \nto ward off, \nto restrain, \nto interdict",,
सीक्,sik,to sprinkle,,
सिल्,sil,to glean,,
सिम्भ्,simbh,to kill,,
सिन्व्,sinv,to sprinkle,,
सिट्,sit,to disregard,,
सिव्,siv,"to sew, \nto sow",,
स्कम्भ्,skambh,"to obstruct\nto obstruct, \nto s\ntop",,
स्कन्द्,skand,"to go, \nto be dry",,
स्खद्,skhad,"to destroy, \nto cut",,
स्खल्,skhal,"to stumble, \nto \ntotter, \nto deviate, \nto blunder, \nto err, \nto stammer, \nto drop",P,1
स्कु,sku,"to go by leaps, \nto cover, \nto raise",,
स्कुम्भ्,skumbh,"to hinder, \nto hold",,
स्कुन्द्,skund,"to jump, \nto raise, \nto lift",,
स्मि,smi,"to smile, \nto expand, \nto bloom",,
स्मील,smila,to wink,,
स्मिट्,smit,"to disrespect, \nto slight, \nto despise",,
स्मृ,smri,"to remember\nto recollect\nto long for, \nto regret\nto remember, \nto recollect, \nto think upon, \nto recite mentally, \nto record in a smriti",,
स्ना,sna,to bathe,,
स्नै,snai,"to cover, \nto wrap, \nto adorn",,
स्नस्,snas,"to reject, \nto eject",,
स्निह्,snih,"to feel affection for, \nto love, \nto be kind \nto\nto love, \nto account, \nto dissolve",,
स्निव्,sniv,"to go, \nto dry",,
स्नु,snu,to ooze,,
स्नुह्,snuh,to vomit,,
स्नुस्,snus,"to eat, \nto take, \nto disappear",,
स्O,so,"to put an end \nto, \nto kill, \nto finish",,
स्पर्ध्,spardh,"to contend with, \nto vie with, \nto emulate, \nto challenge",,
स्पश्,spash,"to obstruct, \nto \ntouch, \nto perceive clearly, \nto undertake, \nto string \ntogether\nto take, \nto embrace",,
स्फर्,sphar,"to tremble, \nto move",,
स्फाय्,sphay,"to grow fat, \nto increase, \nto expand",,
स्फिट्,sphit,to feel affection for,,
स्फिट्ट्,sphitt,to kill,,
स्फुड्,sphud,to cover,,
स्फुल्,sphul,"to tremble, \nto throb",,
स्फुण्ट्,sphunt,"to laugh at, \nto joke\nto open, \nto expand",,
स्फुर्,sphur,"to throb, \nto palpitate, \nto become agitated, \nto start, \nto appear clearly, \nto flash",P,6
स्फुर्च्छ्,sphurchchh,"to spreak, \nto extend, \nto forget",,
स्फूर्ज्,sphurj,"to thunder, \nto explode, \nto glitter, \nto burst",,
स्फुट्,sphut,"to blow, \nto blossom, \nto break\nto burst, \nto break open\nto burst\nto blossom\nto blow\nto split open",,
स्पृ,spri,"to gratify, \nto defend, \nto shake",,
स्पृह्,sprih,"to wish, \nto envy",,
स्पृश्,sprish,"to \ntouch, \nto cling \nto, \nto act upon\nto affect, \nto accept, \nto reach, \nto wash",,
स्रम्भ्,srambh,to err\nto entrust,,
स्रङ्क्,srank,"to go, \nto move",,
स्रंस्,srans,"to fall down, \nto drop, \nto slip off\nto hang down",A,1
स्रेक्,srek,"to go, \nto move",,
सृ,sri,"to go\nto go, \nto move, \nto approach, \nto slip, \nto blow, \nto flow\nto run",,
सृभ्,sribh,"to kill, \nto slay",,
सृज्,srij,"to be abandoned, \nto drop\nto leave, \nto create, \nto let loose, \nto let off, \nto throw, \nto produce, \nto put on",,
सृप्,srip,"to go, \nto creep",,
स्रु,sru,"to go, \nto flow",P,1
स्तभ्,stabh,"to s\ntop, \nto support",,
स्तग्,stag,cover,,
स्तै,stai,"to cover, \nto adorn",,
स्तक्,stak,"to resist, \nto repel",,
स्तक्ष्,staksh,"to go, \nto move",,
स्तम्,stam,"to be confused, not \nto be confused",,
स्तम्भ्,stambh,"to s\ntop, \nto hinder, \nto become stiff or naughty, \nto paralyze, \nto fix firmly",,
स्तन्,stan,"to sound, \nto thunder\nto thunder",P,1
स्तेन्,sten,to steal,,
स्तेप्,step,to ooze,,
स्था,stha,"to stand, \nto stay, \nto be",,
स्थग्,sthag,"to cover, \nto conceal",,
स्थल्,sthal,to stand firm,,
स्थिघ्,sthigh,to ascend\nto assail,,
स्थुड्,sthud,"to cover, \nto hide",,
स्थूल्,sthul,"to become s\ntout, \nto grow fat",,
स्तिम्,stim,"to become wet, \nto moist",,
स्तिप्,stip,to ooze,,
स्त्Oम्,stom,to praise,,
स्तृ,stri,"to cover, \nto spread",,
स्तृह्,strih,"to kill, \nto hurt, \nto strike",,
स्तु,stu,"to cover\nto praise, \nto glorify, \nto worship by hymns",U,2
स्तुभ्,stubh,to s\ntop,,
स्तुच्,stuch,to be pleased,,
स्तुक्ष्,stuksh,"to go, \nto move",,
स्तूप्,stup,"to collect\nto pile, \nto collect, \nto erect",,
स्त्यै,styai,"to sound, \nto collect in\nto a heap, \nto spread about, \nto crowd",,
सु,su,"to bring forth, \nto possess power or supremacy, \nto permit\nto bring forth, \nto possess supremacy, \nto permit\nto cause \nto bathe: \nto churn\nto pour out\nto bathe\nto press out juice\nto distil",,
सू,su,"to bring forth as a child\nto bring forth as a child\nto impel, \nto drive, \nto discharge, \nto remit",,
सुभ्,subh,"to speak, \nto kill\nto speak, \nto kill",,
सूच्,such,"to betray, \nto reveal, \nto show, \nto ascertain\nto try, \nto bind",,
सूद्,sud,"to distil, \nto strike, \nto hurt, \nto destroy, \nto leak, \nto deposit\nto strike, \nto wound, \nto distil, \nto deposit",,
सुह्,suh,to be satisfied,,
सुख्,sukh,to make happy,U,10
सुर्,sur,"to rule, \nto shine",,
सूर्क्ष्,surksh,to respect,,
सूर्क्ष्य,surkshya,"to envy, \nto despise",,
सुट्ट्,sutt,to disrespect,,
स्वद्,svad,"to be pleasant \nto the taste, \nto be liked, \nto taste, \nto eat, \nto please\nto make sweet",,
स्वाद्,svad,"to taste\nto taste, \nto be pleasing",,
स्वज्,svaj,"to embrace, \nto clasp, \nto encircle",,
स्वन्,svan,"to deck, \nto adorn\nto sound, \nto sing",P,1
स्वप्,svap,"to sleep, \nto lie down",P,2
स्वर्,svar,"to blame, \nto find fault with",,
स्वर्द्,svard,"to taste, \nto be pleasing",,
स्विद्,svid,"to be greedy, \nto perspire, \nto be disturbed, \nto quit\nto perspire",A,1
स्विद्,svid,"to be greedy, \nto perspire, \nto be disturbed, \nto quit\nto perspire",P,4
स्वृ,svri,"to sound, \nto praise, \nto pain",,
स्यम्,syam,"to consider, \nto think\nto sound, \nto shout",,
स्यन्द्,syand,"to ooze, \nto feel\nto throb, \nto quiver",A,1
तच्,tach,"to contract, \nto shrink\nto go",,
तड्,tad,"to strike, \nto beat, \nto play upon a musical instrument, \nto speak",,
तक्,tak,"to laugh at\nto bear, \nto fly or rush upon",,
तक्ष्,taksh,"to cut off\nto make thin\nto wound, \nto form\nto eat\nto pare, \nto cover",,
टल्,tal,to be confused,,
तल्,tal,"to be full or complete, \nto fix, \nto establish",,
तम्,tam,"to desire, \nto be fatigued",,
तन्,tan,"to confide in, \nto assist\nto confide in, \nto assist\nto pain with disease, \nto be harmless, \nto sound\nto spread, \nto stretch, \nto do, \nto spin out",,
तण्ड्,tand,to strike,,
तन्द्र्,tandr,"to be exhausted, \nto be disturbed in mind",,
तङ्ग्,tang,to go\nto stumble\nto tremble,,
टङ्क्,tank,to bind\nto build,,
तङ्क्,tank,to live in distress,,
तंस्,tans,"to adorn, \nto deck\nto decorate\nto shake, \nto pour out, \nto request",,
तन्त्र्,tantr,"to support, \nto maintain, \nto govern",,
तप्,tap,"to be powerful, \nto injure, \nto perform penance\nto heat, \nto burn, \nto afflict\nto shine, \nto be hot\nto make hot, \nto suffer pain, \nto injure or hurt, \nto undergo, \nto perform penance",,
तर्द्,tard,"to injure, \nto hurt or kill",,
तर्ज्,tarj,"to menace, \nto censure\nto threaten, \nto terrify, \nto scold, \nto mock",,
तर्क्,tark,"to shine, \nto intend, \nto suppose, \nto guess, \nto think of",,
तस्,tas,"to fade away, \nto become exhausted",,
तट्,tat,"to be raised, \nto rise, \nto groan",,
टौक्,tauk,to go,,
तय्,tay,to go,,
ताय्,tay,"to spread, \nto protect",,
तेज्,tej,to protect,,
तेप्,tep,"to ooze, \nto shake",,
तेव्,tev,to lament\nto play,,
थुढ्,thudh,to cover,,
थुर्व्,thurv,"to injure, hurt or kill",,
तिघ्,tigh,"to kill, \nto challenge",,
तिज्,tij,"to endure or bear patiently\nto whet\nto whet, \nto sharpen",,
टिक्,tik,to go,,
टीक्,tik,"to go, \nto resort \nto",,
तिक्,tik,"to assail, \nto go, \nto seek, \nto injure or kill, \nto challenge\nto go or move",,
तीक्,tik,to go,,
तिल्,til,"to go\nto oil, \nto be greasy\nto oil\nto anoint",,
तिल्ल्,till,to go,,
तिम्,tim,"to be wet, \nto be moist",,
टिप्,tip,"to throw, \nto send",,
तिप्,tip,"to drop, \nto ooze",,
तीर्,tir,"to finish, \nto get through",,
तीव्,tiv,to be strong or fat or corpulent,,
त्Oड्,tod,to disregard,,
त्रै,trai,to protect,,
त्रख्,trakh,to go,,
त्रन्द्,trand,to act\nto try\nto be busy or active,,
त्रङ्क्,trank,to go,,
त्रङ्ख्,trankh,to go,,
त्रंस्,trans,to speak\nto speak\nto shine,,
त्रप्,trap,to be ashamed or abashed\nto be embarrassed,,
त्रस्,tras,"to fear, \nto tremble\nto take, \nto hold, \nto oppose",,
त्रौक्,trauk,to go,,
तृ,tri,"to swim, \nto cross over, \nto float, \nto surmount\nto master completely, \nto fulfil, \nto escape from",,
तृद्,trid,"to kill, \nto disregard",,
तृह्,trih,to kill\nto kill,,
तृक्ष्,triksh,to go,,
तृण्,trin,"to eat, \nto graze",,
त्रिंख्,trinkh,to go,,
तृप्,trip,"to be satisfied or pleased, \nto please or satisfy\nto be satisfied, \nto light\nto please or \nto be pleased",,
तृष्,trish,"to be thirsty, \nto wish",,
त्रुप्,trup,"trump, trumph to kill, injure or hurt",,
त्रुट्,trut,to cut\nto cut\nto break,,
त्सर्,tsar,to creep\nto crawl\nto proceed crookedly or fraudulently,,
तु,tu,"to go, \nto grow, \nto kill",,
तुभ्,tubh,"to injure, hurt or kill\nto kill\nto kill",,
तुड्,tud,"to split, \nto push, \nto injure, \nto hurt\nto tear, \nto kill",,
तुद्,tud,to wound\nto strike\nto pain\nto ved,,
तूड्,tud,"to split, \nto disregard",,
तुड्ड्,tudd,"to disregard, \nto condemn",,
तुह्,tuh,"to hurt, \nto kill, \nto pain",,
तुज्,tuj,"to hurt, injure or kill\nto reach, \nto kill, \nto be strong, \nto take, \nto dwell, \nto protect \nto cloth, \nto strike, \nto push, \nto emit, \nto incite, \nto give\nto strike, \nto be strong, \nto take, \nto live",,
तुल्,tul,"to weigh, \nto measure",,
तूल्,tul,"to weigh, \nto measure",,
तुम्ब्,tumb,"to be invisible, \nto trouble\nto distress, \nto hurt",,
तुम्प्,tump,"to injure, hurt or kill",,
तुण्,tun,to curve\nto fill up,,
तुण्ड्,tund,"to disregard, \nto condemn",,
तुप्,tup,"to injure, hurt or kill",,
तुफ्,tuph,"to injure, hurt or kill",,
तुप्तुम्प्,tuptump,to kill\nto please or \nto be pleased,,
तुर्,tur,"to make haste\nto be quickly, \nto make haste, \nto hurt or kill",,
तुर्व्,turv,to kill,,
तुस्,tus,to sound,,
तुष्,tush,to be pleased or delighted,,
तूष्,tush,to satisfy or \nto be satisfied,,
तुट्,tut,to quarrel\nto cut,,
तुत्थ्,tutth,to cover,,
त्वच्,tvach,to cover\nto go,,
त्वक्ष्,tvaksh,to make thin,,
ट्वल्,tval,to be confused,,
त्वङ्ग्,tvang,to go\nto tremble,,
त्विष्,tvish,to shine\nto glitter,,
त्यज्,tyaj,"to abandon, \nto leave, \nto quit, \nto let go, \nto renounce, \nto except, \nto distribute, \nto disregard",,
उ,u,to utter a voice\nto sound,,
उभ्,ubh,to fill with,,
उब्ज्,ubj,to make straight,,
उच्,uch,to be gathered \ntogether,,
उच्छ्,uchchh,to dwell abroad\nto retire,,
उछ्,uchh,to glean\nto glean,,
उध्रस्,udhras,to glean\nto glean,,
उह्,uh,to hurt or kill,,
ऊह्,uh,"to conjecture, \nto infer, \nto guess\nto note\nto expect\nto reason",,
उज्झ्,ujjh,to abandon\nto leave,P,6
उख्,ukh,to go,,
उक्ष्,uksh,to sprinkle\nto wet,,
उलण्ड्,uland,to throw up,,
ऊन्,un,"to lessen, \nto deduct",,
उन्द्,und,to moisten,,
उङ्ख्,unkh,to go,,
उर्द्,urd,"to measure, \nto play\nto taste\nto grant\nto be cheerful",,
ऊर्ज्,urj,"to be strong, \nto live",,
ऊर्णु,urnu,to cover,,
उर्व्,urv,to kill or hurt,,
उष्,ush,to burn,,
ऊष्,ush,to be ill,,
उठ्,uth,to knock down,,
ऊठ्,uth,to knock down,,
ऊय्,uy,to weave\nto sew,,
वा,va,to go\nto blow\nto hurt\nto injure\nto kill\nto move,,
वभ्,vabh,to go\nto move,,
वच्,vach,"to deceive\nto go\nto speak, \nto tell, \nto read\nto speak\nto read\nto name\nto call\nto announce",,
वाछ्,vachh,to desire\nto wish,,
वद्,vad,"to inform, \nto communicate\nto speak\nto tell\nto describe\nto utter",,
वह्,vah,"to bear, \nto carry\nto flow\nto marry\nto propel",,
वाह्,vah,to endeavour,,
वै,vai,"to be dry, \nto be languid",,
वज्,vaj,"to go\nto move\nto prepare the way, \nto feather an arrow",,
वख्,vakh,to go\nto move,,
वक्ष्,vaksh,to be angry\nto collect,,
वल्,val,to cover\nto move\nto cover\nto move,,
वल्भ्,valbh,to eat\nto devour,,
वल्ग्,valg,to go\nto move\nto jump\nto gallop\nto be pleased,,
वल्ह्,valh,"to speak, \nto kill or hurt\nto give",,
वल्क्,valk,to speak,,
वल्ल्,vall,to be covered\nto go\nto move,,
वम्,vam,"to vomit, \nto drop\nto emit\nto give out\nto reject",,
वण्,van,to sound,,
वन्,van,"to act\nto beg, \nto request, \nto seek\nto sound\nto honour\nto aid",,
वङ्घ्,vangh,to go\nto blame,,
वङ्क्,vank,to be crooked\nto go,,
वङ्ख्,vankh,to go\nto move,,
वाङ्क्ष्,vanksh,to wish\nto desire,,
वण्ट्,vant,to salute respectfully\nto praise\nto divide\nto divide,,
वप्,vap,to sow\nto plant\nto procreate\nto weave\nto shave\nto shear,,
वर्,var,"to wish, \nto obtain, \nto desire",,
वर्च्,varch,to shine,,
वर्ध्,vardh,"to cut, \nto fill",,
वर्ह्,varh,to speak\nto kill\nto kill or hurt\nto give,,
वर्ण्,varn,"to paint, \nto delineate, \nto extend, \nto praise, \nto describe, \nto drive",,
वर्ष्,varsh,to melt\nto love,,
वस्,vas,"to dwell\nto dwell\nto live\nto fix, \nto be straight\nto love, \nto cut, \nto take away\nto wear, \nto dress",,
वास्,vas,"to perfume, \nto incense",,
वश्,vash,to wish\nto long for,,
वष्,vash,to hurt\nto kill\nto injure,,
वाश्,vash,"to howl, \nto growl, \nto roar",,
वस्क्,vask,to go\nto move,,
वस्त्,vast,"to hurt, \nto \ntorment, \nto go, \nto ask",,
वट्,vat,"to cover\nto surround\nto speak\nto tie, \nto string, \nto connect, \nto divide",,
वात्,vat,"to make happy, \nto serve\nto fan",,
वठ्,vath,to become fat\nto go alone\nto tie,,
वावृत्,vavrit,to choose,,
वय्,vay,to go\nto move,,
वे,ve,"to weave, \nto sew, \nto compose",,
वेह्,veh,to endeavour,,
वेल्,vel,"to count the time\nto go, \nto move\nto shake\nto tremble",,
वेण्,ven,"to go, \nto know, \nto consider, \nto play on an instrument, \nto take",,
वेप्,vep,"to tremble, \nto shake",,
वेष्ट्,vesht,"to surround, \nto dress",,
वेथ्,veth,"to beg, \nto ask",,
वेवी,vevi,"to go, \nto pervade, \nto be born, \nto impregnate, \nto desire, \nto throw, \nto eat",,
वी,vi,to go\nto pervade\nto be born\nto be impregnate\nto desire\nto throw\nto eat\nto conceive,,
विच्,vich,"to divide, \nto separate, \nto discern, \nto remove from",,
विच्छ्,vichchh,"to go, \nto move\nto speak, \nto shine",,
विद्,vid,"to be, \nto exist\nto discuss, \nto reason upon, \nto consider, \nto understand\nto feel, \nto experience, \nto tell, \nto dwell\nto get, \nto obtain, \nto find, \nto take in marriage\nto know\nto learn\nto find out\nto consider",,
विडम्ब्,vidamb,"to mock, \nto imitate, \nto ridicule",,
विध्,vidh,to pierce,,
विज्,vij,"to fear, \nto tremble\nto fear, \nto tremble, \nto be disgusted\nto separate, \nto divide, \nto distinguish, \nto discern",,
वीज्,vij,to fan,,
विल्,vil,"to cover, \nto conceal\nto throw, \nto cast",,
वीर्,vir,"to display heroism, \nto be powerful",,
विस्,vis,to send,,
विश्,vish,to enter,,
विष्,vish,to pervade\nto separate\nto disjoin\nto sprinkle,,
विष्क्,vishk,"to see, \nto perceive",,
विट्,vit,to curse\nto sound,,
विथ्,vith,to beg\nto ask,,
व्ली,vli,"to choose, \nto select, \nto hold, \nto go",,
व्रज्,vraj,"to clear the way, \nto go\nto go",,
व्रण्,vran,"to sound\nto wound, \nto hurt",,
व्रश्च्,vrashch,"to cut, \nto tear, \nto wound",,
वृ,vri,"to choose\nto select\nto choose\nto solicit\nto cover\nto surround\nto restrain\nto cover, \nto conceal\nto cover\nto conceal\nto serve\nto worship",,
व्री,vri,"to choose\nto choose, \nto select, \nto hold, \nto go",,
वृच्,vrich,"to abandon, \nto exclude",,
व्रीड्,vrid,"to throw, \nto be ashamed",,
वृध्,vridh,"to incrase, \nto grow, \nto continue, \nto become joyful",,
वृह्,vrih,"to work, \nto labour",,
वृज्,vrij,"to avoid\nto avoid\nto avoid\nto avoid, \nto abandon",,
वृक्,vrik,to accept\nto seize,,
वृक्ष्,vriksh,to cover,,
वृण्,vrin,"to please, \nto gratify",,
वृंह्,vrinh,"to speak, \nto shine",,
वृश्,vrish,"to choose, \nto like",,
वृष्,vrish,"to have the power of production\nto rain, \nto sprinkle, \nto kill, \nto afflict, \nto give pain",,
वृत्,vrit,"to be\nto happen\nto be presen\nto act\nto tend \nto\nto choose, \nto like\nto speak, \nto shine",,
व्रुड्,vrud,"to cover, \nto heap",,
वुङ्ग्,vung,"to abandon, \nto leave",,
वुण्ट्,vunt,vuṣ to kill,,
वुस्,vus,to divide,,
व्यच्,vyach,"to deceive, \nto defraud",,
व्यध्,vyadh,"to strike, \nto hurt, \nto stab, \nto pierce",,
व्यथ्,vyath,"to be vexed, \nto fear, \nto become dry",,
व्यय्,vyay,"to expend\nto go, \nto move",,
व्ये,vye,"to cover, \nto veil",,
व्युष्,vyush,"to divide, \nto burn",,
या,ya,to go\nto attend \nto\nto go or pass away\nto attempt\nto perceive,,
यभ्,yabh,to cohabit,,
याच्,yach,"to beg, \nto ask, \nto solicit",,
यज्,yaj,"to make an oblation \nto a deity, \nto associate with, \nto sacrifice, \nto worship, \nto give",,
यक्ष्,yaksh,to honour,,
यम्,yam,"to check, \nto s\ntop\nto cover, \nto surround",,
यन्त्र्,yantr,"to restrain, \nto bind",,
यस्,yas,"to endeavour\nto strive, \nto endeavour, \nto labour",,
यत्,yat,"to strive after, \nto be watchful\nto \ntorture, \nto encourage",,
यौट्,yaut,to bind,,
येष्,yesh,"to try, \nto attempt",,
यु,yu,"to bind\nto censure, \nto despise\nto mix\nto join\nto separate",,
युच्छ्,yuchchh,"to err, \nto be negligent",,
युध्,yudh,"to fight, \nto contend with",A,4
युज्,yuj,"to bind, \nto restrain\nto join, \nto unite, \nto apply, \nto use, \nto meditate, \nto concentrate the mind, \nto prepare, \nto grant, \nto intend\nto meditate, \nto curb one’s mind, \nto concentrate the mind\nto unite, \nto bind, \nto yoke",,
युङ्ग्,yung,"to abandon, \nto desert",,
युप्,yup,to confuse,,
युष्,yush,"to injure, hurt or kill\nto serve",,
युत्,yut,to shine,,
